Product ID,Cost Price,Stock Level,Current Sales,Total Sales,Customer Rating,Competitor Price,Max Price,Initial Price,Predicted Price
P0000,68.72700594,380,0,457,4.227030255,61.24107424,86.1323231,85.06,85.0625
P0001,97.53571532,322,0,827,4.368062646,97.36725245,129.2117532,119.16,119.15719999999986
P0002,86.59969709,44,100,1113,3.309214852625337,92.01751478,131.5175305,111.42,111.41800000000006
P0003,79.93292421,237,0,982,3.996805385,91.45289763,119.2219197,87.85,87.85310000000003
P0004,57.80093202,16,0,584,3.691388534,56.45585419,100.0633779,81.85,81.8479000000001
P0005,57.79972602,215,0,183,3.89701811,64.14439479,94.15106069,66.53,66.52999999999993
P0006,52.90418061,249,0,1198,3.142283163,51.65914763,90.59524319,73.03,73.0261000000001
P0007,93.30880729,384,0,904,3.533646961,98.73929686,137.2766334,118.81,118.81470000000003
P0008,80.05575059,460,0,737,4.222103654,92.17594926,100.0424709,91.86,91.85809999999988
P0009,85.40362889,123,0,907,2.591536702,81.18756995,114.9806274,96.45,96.44640000000005
P0010,51.02922471,281,0,683,4.223915603,51.13526577,69.87760239,53.42,53.42160000000003
P0011,98.49549261,92,0,395,3.368067371,113.3271225,148.0022129,117.5,117.4967000000001
P0012,91.62213204,186,0,337,1.6715352299554895,103.3360577,139.3845056,109.42,109.41869999999992
P0013,60.61695553,118,0,256,2.009000693339844,64.73295198,72.19402799,73.29,73.29419999999995
P0014,59.09124836,150,0,782,3.0790480953529413,62.00693816,97.31425526,77.69,77.6930000000001
P0015,59.17022549,337,0,209,3.186785313,56.28523505,106.1801582,73.76,73.75509999999987
P0016,65.21211215,133,0,291,4.359281409,68.14234784,82.43512595,77.28,77.28320000000008
P0017,76.23782158,490,0,192,1.509942721,87.44235904,108.9556308,99.56,99.5566999999999
P0018,71.59725093,122,0,961,4.200825391,78.72661376,118.2167828,84.22,84.22190000000006
P0019,64.56145701,21,0,667,4.452036184,61.81255771,75.91929615,73.19,73.18540000000004
P0020,80.59264474,135,0,159,1.602749948,75.62924276,118.4894554,101.67,101.66519999999984
P0021,56.97469303,62,0,749,4.406377277,53.60490646,78.86865333,76.67,76.66669999999993
P0022,64.60723243,340,0,138,4.965814271,58.85121246,111.5830802,81.61,81.61019999999995
P0023,68.31809216,398,0,639,3.907355324,60.70910957,117.160422,85.55,85.55280000000008
P0024,72.80349921,292,0,148,4.139078727,73.28190357,120.5741588,82.62,82.62139999999988
P0025,89.25879807,149,0,519,4.97766107,82.09128818,118.2273667,106.89,106.88679999999994
P0026,59.98368911,410,0,736,3.421925002,54.28150305,104.4653951,75.99,75.98990000000005
P0027,75.71172192,399,0,112,2.231545528,79.39483903,119.4936979,99.27,99.2744
P0028,79.62072844,106,0,135,4.350123336,73.73571029,102.3847474,91.6,91.5995
P0029,52.32252064,14,0,200,3.45794311,43.91951482,95.4791396,68.05,68.04629999999996
P0030,80.3772426,66,0,893,3.324781695,78.31196385,91.85754798,87.66,87.66400000000002
P0031,58.52620618,421,0,185,2.014542222,54.03418365,92.37700132,73.41,73.40999999999991
P0032,53.25257965,343,0,615,4.025337078,56.13520935,72.45293314,71.5,71.49689999999995
P0033,97.44427686,78,0,322,1.326669103,90.00345398,112.2669523,112.61,112.61269999999993
P0034,98.28160165,127,0,437,4.697148283,107.0758713,111.3597297,111.2,111.20210000000012
P0035,90.41986741,385,0,265,2.303293843,103.0757054,128.2714184,96.78,96.78050000000002
P0036,65.23068846,68,0,482,1.511098611,73.81656781,88.82568701,80.91,80.91049999999997
P0037,54.8836057,42,0,955,2.769466132,58.20428164,93.87427656,74.14,74.14339999999993
P0038,84.21165133,327,0,994,1.169879637,95.72834687,96.82590496,94.7,94.69719999999998
P0039,72.00762469,59,0,475,3.738504777,79.38058418,94.6192382,83.85,83.84690000000006
P0040,56.10191174,377,0,570,4.610822042,46.3656898,87.68156344,65.46,65.4630999999999
P0041,74.75884551,498,0,889,4.349052029,74.61109932,116.3877721,89.17,89.16719999999987
P0042,51.71942606,28,0,741,1.509477894,62.99322354,74.46952617,62.76,62.75870000000005
P0043,95.4660201,223,0,130,1.505084548,94.11249155,130.5016752,113.83,113.8255000000001
P0044,62.93899908,206,0,474,4.253737929,53.81937842,108.378109,79.81,79.81120000000004
P0045,83.12611422,388,0,110,4.697017098,91.78060518,117.7606417,94.86,94.8594
P0046,65.5855538,459,0,401,2.842679319,75.63651056,84.90393279,70.38,70.37889999999999
P0047,76.00340106,487,0,195,2.995884468,70.01824343,86.97943232,95.62,95.61749999999996
P0048,77.33551397,56,0,289,2.273048166,80.76902639,122.1394689,91.58,91.57940000000004
P0049,59.24272278,176,0,552,4.577060473,54.04160875,70.09349921,71.43,71.4315000000001
P0050,98.47923139,461,0,291,3.579611621,106.4600919,143.4672983,111.34,111.3383000000001
P0051,88.75664117,298,0,585,2.153006309,85.54540255,119.9141265,99.05,99.05360000000005
P0052,96.97494708,150,0,365,2.195131484,94.88032514,144.537655,123.58,123.58480000000009
P0053,94.74136752,93,0,523,4.564800292,105.8656389,136.692697,105.02,105.01910000000012
P0054,79.89499894,191,0,227,1.054536096,81.80305775,129.8123634,95.7,95.69570000000016
P0055,96.09371175,400,0,337,2.290906291,102.837573,120.1221844,105.67,105.67330000000005
P0056,54.4246251,88,0,454,3.217426725,54.48395137,95.11215666,60.62,60.61679999999995
P0057,59.79914312,224,0,211,1.592869848,57.24931455,85.87637967,69.46,69.46080000000005
P0058,52.26136445,23,0,927,1.368395017,57.89831596,81.45638926,64.82,64.82080000000008
P0059,66.26651654,224,0,545,4.261105324,60.13795589,101.3667351,82.73,82.73089999999993
P0060,69.43386448,412,0,442,4.577617555,68.75886037,114.3809491,89.98,89.98279999999998
P0061,63.56745159,137,0,244,4.294425683,58.79337752,112.9307904,71.05,71.05120000000002
P0062,91.43687546,319,0,164,4.595151559,98.83174963,132.167812,96.57,96.56780000000009
P0063,67.83766633,486,0,346,3.212447884,81.44288729,94.54833762,79.45,79.44729999999988
P0064,64.04672548,257,0,834,4.249032484,78.93449968,90.90100558,78.96,78.96359999999999
P0065,77.13480416,413,0,589,2.536170554,78.39172442,116.6380962,101.36,101.35850000000006
P0066,57.04621125,38,0,924,3.665071446,53.35947099,76.59729708,80.7,80.69690000000001
P0067,90.10984904,289,0,538,4.955342126,91.1805833,104.5288136,97.56,97.55910000000002
P0068,53.72753218,347,0,205,1.902910895,64.90926743,77.91241849,61.72,61.71749999999997
P0069,99.34434683,328,0,280,2.559598985,94.49448879,120.8339065,115.02,115.02359999999987
P0070,88.61223846,211,0,283,2.920189509,102.4146298,110.4645633,105.47,105.46730000000011
P0071,59.93578408,370,0,325,1.552061948,58.4824283,79.28009412,74.23,74.2258999999999
P0072,50.27610586,66,0,876,1.324154442,64.92119734,61.95983344,55.37,55.36980000000004
P0073,90.77307142,401,0,889,4.318891465,101.7382936,101.4880288,96.04,96.03510000000007
P0074,85.34286719,227,0,188,4.907177491,95.55713055,134.8517628,100.1,100.1031
P0075,86.4503584,71,0,787,2.618900255,84.39797525,113.5612838,104.33,104.32899999999992
P0076,88.56351733,166,0,629,1.350599345,78.78294763,113.9365832,110.8,110.79930000000004
P0077,53.70223259,211,0,470,1.263247043,53.25555531,90.88812389,63.54,63.538700000000034
P0078,67.92328643,26,0,498,4.565272825,65.46852067,86.65344194,83.29,83.29420000000003
P0079,55.79345298,331,0,205,2.855256999,46.72837774,103.7919003,61.83,61.83440000000009
P0080,93.15517129,15,0,370,2.280109266,95.78930271,134.6089719,105.34,105.3428000000001
P0081,81.16490634,67,0,930,2.905845085,81.24068912,94.74134643,93.94,93.93559999999998
P0082,66.54490124,334,0,602,2.273216379,72.40881294,93.24813227,86.89,86.89169999999989
P0083,53.17791751,421,0,778,2.956143101,58.70757557,98.34264982,67.6,67.60210000000005
P0084,65.54911609,327,0,624,4.438225588,58.56778198,113.338397,84.19,84.19019999999992
P0085,66.2591661,178,0,948,3.369205484,80.68330475,94.95522655,76.83,76.82819999999997
P0086,86.48030892,462,0,131,3.778615091,81.15359465,121.0167645,95.71,95.71380000000008
P0087,81.87787357,91,0,492,2.458682705,83.00972419,98.55923141,91.79,91.7915
P0088,94.36063713,483,0,139,3.954023514,96.56357571,144.0073822,124.25,124.24959999999993
P0089,73.61074626,477,0,759,3.66646834,83.93731619,92.87761431,91.2,91.2027
P0090,55.9797123,434,0,317,1.478247991,48.4604522,103.6889833,60.19,60.19460000000004
P0091,85.66223936,442,0,830,3.290571412,86.37834634,121.6481053,94.94,94.94109999999995
P0092,88.03925243,228,0,181,2.026973985,93.75180669,122.3487242,102.78,102.77890000000008
P0093,78.06385988,186,0,944,4.216382679,73.44275042,108.5714003,93.48,93.47659999999998
P0094,88.548359,213,0,819,2.703750834,94.23505647,107.7751515,105.59,105.58639999999995
P0095,74.68977982,80,0,300,4.978736661,87.78140076,91.7509011,82.2,82.1956999999999
P0096,76.13664147,396,0,546,1.370001752,91.07459475,94.95608983,93.92,93.91569999999997
P0097,71.37705092,275,0,943,4.121391451,62.18832784,88.8345814,77.84,77.8374000000001
P0098,51.27095634,107,0,527,3.694806934,47.16066204,92.45433528,57.69,57.68530000000004
P0099,55.39457135,354,0,137,4.069995322,53.15224924,79.39958172,69.31,69.31069999999998
P0100,51.57145928,300,0,310,2.230119182,51.5496118,63.88516635,56.04,56.04099999999996
P0101,81.82052056,217,0,543,2.968217958,77.8769495,130.5846258,84.9,84.90120000000005
P0102,65.71779905,11,0,426,4.186034079,60.80499892,111.0692345,80.93,80.93159999999993
P0103,75.42853456,133,0,860,1.930165326,89.29238062,122.5386259,86.08,86.08269999999992
P0104,95.3783237,289,0,326,1.904132787,108.3413638,145.1746366,107.73,107.72919999999993
P0105,62.46461146,83,0,147,3.204203813,53.63942398,79.42042143,75.1,75.09920000000002
P0106,70.51914615,175,0,117,3.094254318,68.98947169,96.36882691,88.39,88.38509999999998
P0107,87.77755693,31,0,538,2.129049882,87.90627077,128.107096,95.76,95.75720000000001
P0108,61.43990827,163,0,906,2.192302602,57.41527164,99.280733,67.68,67.67800000000005
P0109,53.84899549,436,0,807,2.111380653,59.57081792,70.00483175,66.95,66.94559999999997
P0110,64.48757265,448,0,286,4.086048248,70.49709131,107.1208976,76.12,76.12110000000001
P0111,58.06106436,304,0,444,3.607603462,69.32367007,77.03868724,69.96,69.96439999999993
P0112,96.48488262,228,0,323,4.329668734,105.0066143,115.4375872,108.63,108.63400000000009
P0113,90.40601898,166,0,929,4.901892113,93.97035215,121.8849959,107.14,107.1448999999999
P0114,81.67018783,239,0,587,2.896657185,88.00985708,115.3877852,87.01,87.01400000000008
P0115,93.57302951,29,0,976,1.266775526,90.42274905,126.7764778,108.42,108.41860000000005
P0116,90.18360384,484,0,948,1.192369242,95.01000859,103.8430773,100.09,100.09349999999999
P0117,59.32850294,50,0,328,2.182660157,61.55918431,104.4269374,86.35,86.35470000000007
P0118,94.62794992,447,0,489,4.730178357,87.96156161,115.2519516,116.65,116.65199999999993
P0119,76.9671121,157,0,688,3.09285222,73.03071901,92.14770895,84.85,84.8479999999999
P0120,90.37200776,117,0,287,2.087146064,87.66434403,135.921931,112.26,112.25520000000007
P0121,94.804565,412,0,957,2.596667178,107.9123042,143.0306249,107.21,107.20889999999994
P0122,65.90017375,93,0,369,3.39438043,61.65983973,110.3852784,76.59,76.5937000000001
P0123,55.50259623,492,0,706,3.611798633,52.7336938,97.88323922,73.64,73.64270000000005
P0124,61.39675813,376,0,409,1.615678039,60.63061138,97.60643735,71.91,71.91110000000009
P0125,71.35538943,331,0,231,4.908126706,77.9489579,103.3896843,83.48,83.48020000000005
P0126,90.9007383,423,0,650,3.179088908,83.85669811,104.3802087,100.95,100.95029999999996
P0127,93.03652916,318,0,171,1.542753271,106.8851595,119.3746577,105.91,105.91070000000005
P0128,50.34760653,299,0,892,4.574541013,61.98688703,75.25514721,56.26,56.25500000000002
P0129,75.53736513,415,0,944,1.298553724,79.96776695,95.92751648,88.91,88.90759999999995
P0130,70.87055016,332,0,771,4.630941733,77.72149684,109.8073547,78.88,78.87829999999995
P0131,61.10539052,143,0,286,4.986262625,51.5219023,90.94041993,76.91,76.91320000000002
P0132,55.99326837,216,0,585,3.801727197,54.46688775,69.235117,68.25,68.25440000000009
P0133,66.88075857,292,0,290,4.081788884,76.77226434,85.68808665,77.97,77.97139999999996
P0134,97.1454852,275,0,521,2.349211346,89.08255954,134.4758357,102.25,102.25330000000007
P0135,66.1601466,82,0,219,4.766307411,63.21799246,79.20538098,72.97,72.97339999999994
P0136,75.93953109,490,0,319,3.118855864,80.5719518,119.9878076,96.23,96.22579999999999
P0137,85.15094794,361,0,152,3.929553786,81.56127364,114.956809,102.59,102.5873
P0138,68.18148012,57,0,833,4.696430864,81.53092947,97.40494321,89.82,89.82160000000015
P0139,98.58910414,335,0,550,4.900719904,91.86556991,132.2854155,113.83,113.82819999999998
P0140,98.12236475,242,0,511,4.332817426,108.0572237,141.1096034,109.11,109.11429999999991
P0141,62.58911479,452,0,742,2.212070028,65.28783209,86.50148311,77.79,77.78649999999993
P0142,74.86242529,109,0,336,4.866190066,83.62069469,111.9830714,81.29,81.28939999999993
P0143,65.04391549,68,0,857,3.512478125,62.8117987,97.67319405,84.84,84.84179999999994
P0144,64.24202472,267,0,837,4.722569905,67.10426478,84.92315553,79.67,79.6703
P0145,51.84434737,422,0,819,3.704420103,63.26523111,96.98954682,56.44,56.44159999999998
P0146,80.4782167,461,0,505,2.228955847,82.15016918,122.3752576,105.56,105.56269999999981
P0147,75.13395116,74,0,707,2.480098097,74.12694771,111.4720245,86.23,86.22590000000005
P0148,52.57393756,92,0,521,3.201887108,55.97782222,96.59720673,58.37,58.37079999999998
P0149,63.93232321,163,0,811,4.160059366,71.86639204,108.6240913,69.9,69.895
P0150,95.4132943,482,0,346,2.271930205,96.50237794,133.7478134,110.19,110.18789999999997
P0151,61.97809453,275,0,171,3.318924665,75.45001891,105.4586277,79.06,79.05669999999986
P0152,57.2447436,318,0,929,2.382499974,54.61838921,95.14360207,74.62,74.61600000000008
P0153,74.47263801,88,0,284,4.263077619,76.35922817,111.6782689,81.19,81.18850000000006
P0154,99.28252271,324,0,105,2.866912375,108.2057142,134.0269778,115.94,115.94029999999981
P0155,62.10276358,159,0,305,1.306891307,69.33079084,102.2114292,71.69,71.69310000000004
P0156,83.60677737,444,0,643,1.664210086,95.19780368,99.95098158,97.63,97.63290000000005
P0157,88.08098077,57,0,710,1.24441867,103.0012103,133.3158111,105.23,105.22880000000006
P0158,61.8818772,414,0,486,2.997211784,62.55333542,106.7556183,76.96,76.96080000000006
P0159,86.41081743,388,0,867,1.425349189,79.18958943,97.58070875,94.51,94.512
P0160,68.38915664,257,0,798,1.456559877,59.14955366,111.4218267,83.75,83.74980000000009
P0161,81.61529153,287,0,175,4.76419304,89.78721418,96.77008623,95.62,95.61749999999991
P0162,81.67648554,365,0,276,4.490620289,93.52682732,105.0812397,96.35,96.35239999999993
P0163,76.7887342,107,0,926,2.808346387,72.30654885,116.5290645,93.73,93.72949999999999
P0164,54.5144885,423,0,898,4.943221283,48.47568943,70.94488434,62.64,62.63670000000008
P0165,91.76512478,34,0,448,1.000746113,83.32025207,134.4838057,96.29,96.29040000000006
P0166,66.03900325,293,0,354,3.455917825,76.60657629,109.3243704,80.87,80.86600000000001
P0167,59.32592552,458,0,936,3.465712709,57.11047402,89.62463487,71.52,71.52070000000008
P0168,52.03875708,378,0,801,2.829772223,52.0811794,62.29419195,56.49,56.48829999999998
P0169,79.54464716,310,0,407,2.587791892,82.11340195,101.0261725,86.38,86.38340000000005
P0170,83.87821809,77,0,444,2.821532542,94.86454895,118.5552948,91.22,91.22440000000002
P0171,50.82939145,16,0,226,2.659841744,57.10022199,100.0768386,65.04,65.0354999999999
P0172,75.60465291,314,0,386,3.92196991,80.98126866,110.877194,98.51,98.51180000000002
P0173,61.32478876,146,0,865,1.54142174,55.71659126,81.716932,69.01,69.01220000000004
P0174,82.25863952,173,0,824,1.790556882,85.08838681,117.6188676,96.43,96.42810000000001
P0175,58.71832145,92,0,861,1.722072914,66.60284688,90.31773664,70.57,70.56779999999993
P0176,84.54688691,394,0,695,2.04988234,98.87840898,125.7407027,95.13,95.12740000000005
P0177,69.33676732,147,0,586,3.101033675,64.37192505,83.61599287,80.63,80.63490000000007
P0178,96.83649944,429,0,482,1.444834989,87.07508326,137.2776155,120.79,120.78880000000015
P0179,56.87604721,82,0,505,4.472677181,48.75858305,88.52671035,66.17,66.1722
P0180,67.05331755,246,0,487,2.189446125,66.44962918,115.5729977,79.74,79.74419999999995
P0181,55.67367606,55,0,624,1.65015195,66.18729226,79.3485627,73.06,73.06189999999994
P0182,96.23468091,115,0,656,3.702485238,86.41323296,131.5395566,105.22,105.22430000000014
P0183,93.86696767,425,0,738,1.152345202,95.28523249,141.1480919,125.4,125.39690000000019
P0184,62.89708139,297,0,725,3.479874259,61.12784677,76.99747051,79.94,79.93569999999995
P0185,82.9992023,271,0,375,3.792793723,74.31124505,130.4883418,88.38,88.38049999999993
P0186,90.86111001,185,0,599,1.859666126,92.11701718,128.3765389,96.18,96.18280000000003
P0187,77.76004058,175,0,816,1.167856294,74.12875826,90.47352294,84.17,84.17300000000012
P0188,76.48252892,154,0,436,2.454581436,75.27964978,98.5210716,94.42,94.42310000000003
P0189,62.09261455,339,0,580,1.394376921,69.73299716,100.4194981,79.02,79.02130000000011
P0190,54.65513839,379,0,996,1.465911399,57.69391299,67.34916245,68.77,68.76529999999997
P0191,94.8607879,292,0,372,2.017044926,87.97697362,128.1476063,106.37,106.36640000000001
P0192,95.02090286,63,0,157,2.181871699,109.0562664,118.8562251,105.42,105.41650000000008
P0193,81.65507286,187,0,427,3.119881364,87.55284201,116.4916936,94.12,94.11910000000009
P0194,66.95148955,428,0,830,3.713567542,76.09820019,78.7811709,78.67,78.66989999999993
P0195,67.46047873,253,0,208,3.371083763,59.44080748,112.321951,77.16,77.15869999999994
P0196,86.29778394,350,0,378,1.593441349,77.47424343,135.2373427,97.45,97.44909999999996
P0197,94.855513,136,0,785,1.68834413,85.34171426,143.6106272,105.96,105.96489999999989
P0198,94.35432121,418,0,427,4.515076999,89.07417191,134.3403945,123.02,123.01750000000014
P0199,88.99377729,421,0,875,3.23340926,89.35398724,104.1972269,97.56,97.56280000000002
P0200,82.10158231,376,0,414,4.479751332,95.49723564,122.4321101,93.23,93.23079999999999
P0201,54.20699825,280,0,573,2.486186045,55.63348973,65.19047491,61.46,61.45949999999996
P0202,58.0814357,141,0,210,3.45760003,55.33781334,68.96637777,64.45,64.44579999999998
P0203,94.92770943,102,0,798,3.094653664,98.97609076,117.8721182,111.07,111.06510000000011
P0204,80.32145298,388,0,880,2.276493959,73.11981744,109.8671806,94.89,94.88910000000013
P0205,50.45985258,82,0,328,2.879661488,55.69749986,91.27614929,62.96,62.955699999999936
P0206,55.07357714,420,0,596,3.009963507,59.284376,92.40539221,69.03,69.03079999999994
P0207,83.17508846,419,0,255,1.803083899,92.97491429,111.0111967,103.74,103.73730000000015
P0208,50.25307919,412,0,572,2.26004149,64.92026948,71.19814584,58.21,58.20949999999998
P0209,58.04040257,257,0,800,4.165639002,54.31223936,107.9253826,73.52,73.52099999999993
P0210,77.43668947,357,0,371,4.663152958,80.17810074,104.4839416,87.22,87.21840000000006
P0211,84.59475988,282,0,986,2.439176374,97.31639504,112.6502409,93.2,93.19900000000014
P0212,82.59806298,52,0,101,2.227889129,92.22781009,99.14301582,88.98,88.98049999999999
P0213,61.21346547,386,0,857,1.780788658,63.39862305,103.0058474,82.29,82.29250000000003
P0214,85.60896107,50,0,821,3.713964675,99.24325231,123.3562501,106.82,106.81939999999985
P0215,61.86245437,179,0,610,2.292398807,53.29337171,80.69323889,72.88,72.88260000000007
P0216,66.26998491,443,0,385,4.950998156,79.5449504,79.56522673,74.66,74.65660000000007
P0217,87.32457026,221,0,970,2.302739208,78.58725507,124.5445423,101.91,101.90739999999998
P0218,82.48164495,177,0,112,2.576544187,86.16426356,118.6620935,87.76,87.76490000000004
P0219,92.46117052,48,0,707,3.413336785,104.7221942,113.3915516,98.55,98.54909999999997
P0220,82.88064462,378,0,597,4.206737173,79.4486682,130.9151871,100.48,100.48200000000011
P0221,78.41543017,254,0,832,2.878074661,80.22164264,94.45774584,89.28,89.27969999999999
P0222,54.68373839,160,0,337,2.690624135,52.79196037,81.97713043,62.02,62.02479999999994
P0223,68.38579015,120,0,193,4.982551334,82.18938808,116.130427,84.64,84.64330000000001
P0224,63.26011838,489,0,437,1.041974565,73.85125825,90.04921106,69.22,69.21529999999993
P0225,62.19948217,445,0,880,4.580261155,69.92451995,97.74052008,79.63,79.63369999999998
P0226,98.65052774,56,0,270,1.596563304,103.3412024,124.5543037,115.48,115.48269999999988
P0227,69.65488623,72,0,705,4.143701105,80.16968097,90.62349433,83.84,83.84079999999994
P0228,94.60232776,234,0,760,3.471726239,94.4090038,143.9614337,111.74,111.74079999999992
P0229,81.5569313,375,0,723,2.367389142,82.74572768,107.9302916,88.37,88.36740000000003
P0230,89.74056518,78,0,666,4.495499822,97.9906082,135.5045333,105.44,105.43759999999992
P0231,75.13185466,308,0,948,1.051628912,74.07572374,94.33003889,84.71,84.70890000000003
P0232,78.84519423,441,0,566,1.906762608,70.44271778,97.36938239,87.84,87.83969999999988
P0233,74.62588469,299,0,727,3.267571185,66.48424991,85.87124801,87.05,87.05110000000009
P0234,59.76214939,305,0,242,2.40616904,52.64621942,95.8288224,67.18,67.17570000000003
P0235,86.12260576,212,0,300,3.441509981,97.86463885,110.8636595,103.03,103.03119999999997
P0236,64.03861812,70,0,279,1.096440774,65.84427877,108.6129481,75.45,75.4499999999999
P0237,51.21579832,443,0,813,1.465835722,59.03785756,80.14419459,60.67,60.673199999999916
P0238,82.2736148,460,0,463,1.508384961,82.09634819,131.0013519,94.42,94.41509999999998
P0239,58.85553397,327,0,578,1.757134584,55.32330766,76.2765546,70.68,70.68150000000004
P0240,97.02292922,323,0,664,2.837325763,95.70273341,141.7678559,101.8,101.80109999999993
P0241,97.69642885,170,0,570,4.008514798,107.5509875,138.760303,114.78,114.78309999999992
P0242,95.74321951,340,0,483,4.622155352,101.3736226,136.5800933,108.23,108.22819999999996
P0243,68.50793501,25,0,791,4.341490121,81.94892951,112.2992641,86.81,86.81399999999998
P0244,50.77283083,347,0,516,1.787551487,57.76545029,91.21379046,59.03,59.027699999999996
P0245,96.41592813,103,0,924,2.764602209,100.6704689,131.464741,103.47,103.46560000000008
P0246,71.40920742,313,0,407,1.797646391,76.66410764,86.65900252,84.47,84.46579999999993
P0247,98.33274095,147,0,748,2.057887267,111.8920269,109.6337881,108.47,108.47369999999992
P0248,98.18099885,347,0,793,3.014187926,107.8860221,145.0149128,111.91,111.90699999999991
P0249,92.65047277,47,0,466,1.272436099,83.25150371,127.3164854,96.1,96.09650000000016
P0250,64.7224446,136,0,100,1.872697318,68.07593701,106.5839362,71.42,71.41630000000008
P0251,69.25488643,284,0,143,4.741512645,76.46334672,98.51578049,77.77,77.76629999999986
P0252,92.55683358,173,0,838,2.864465171,101.2742955,107.2491611,106.01,106.0105999999999
P0253,65.84610026,452,0,942,2.781546104,61.17465324,80.85353195,77.49,77.49170000000008
P0254,58.47463733,328,0,197,1.058268619,70.1540712,95.89724882,70.11,70.11050000000003
P0255,77.84006312,86,0,819,1.989598988,91.7361418,105.0522989,83.15,83.14590000000013
P0256,96.80773871,183,0,364,4.465169744,92.72562135,114.8287278,113.98,113.98189999999988
P0257,84.80148983,396,0,899,1.658513713,96.86687627,114.4652717,91.07,91.07480000000005
P0258,78.5030585,467,0,882,2.660499758,70.92752757,91.07141599,91.13,91.1331000000001
P0259,54.85882469,367,0,239,1.057323623,46.25149559,88.13768077,64.83,64.82720000000006
P0260,80.75036133,330,0,580,2.913341927,73.98095634,101.5100975,91.12,91.12330000000009
P0261,99.50269251,385,0,336,1.084084427,90.94621949,141.4050565,119.24,119.2449999999999
P0262,57.00420076,100,0,171,4.278438212,68.12950669,79.41867912,63.44,63.43809999999995
P0263,75.91648262,247,0,766,4.29941507,67.39273623,104.1252886,96.92,96.92460000000001
P0264,93.8686536,273,0,289,4.150968753,90.66025838,104.3334752,110.62,110.62060000000012
P0265,87.03843089,188,0,367,2.133456276,79.63233948,99.9363064,98.76,98.75930000000004
P0266,84.85078705,499,0,420,4.348948873,82.23633796,110.5505293,106.63,106.63149999999992
P0267,85.1242042,218,0,206,3.17199253,77.38819089,114.3217576,92.95,92.95209999999996
P0268,67.97455756,82,0,331,2.495232435,74.67463883,101.9753795,90.53,90.5319
P0269,64.67959221,399,0,141,3.501319839,58.01276262,86.34609536,79.82,79.82270000000005
P0270,90.46805777,116,0,801,1.049364184,101.7642059,128.2673332,104.0,104.00430000000011
P0271,90.50566973,354,0,982,1.57184351,100.935446,134.9105656,99.55,99.54829999999998
P0272,93.35361593,304,0,238,3.969174153,83.69515807,134.5476555,117.73,117.73379999999983
P0273,95.66202763,378,0,714,1.976646435,108.0551865,107.2467806,106.24,106.24249999999984
P0274,75.56711994,453,0,782,3.392036469,66.29072786,104.7873978,91.29,91.28949999999999
P0275,75.07581473,293,0,962,2.540410411,71.06695936,89.27302187,80.71,80.70589999999994
P0276,89.91475895,362,0,372,4.419223115,80.72448739,109.5965596,94.89,94.88739999999993
P0277,82.49819654,191,0,580,4.809661224,80.89428371,131.9647003,85.42,85.41910000000003
P0278,85.09834386,46,0,515,4.534258913,87.94500701,100.7981656,91.09,91.08759999999997
P0279,89.78963347,146,0,605,2.082479979,99.7057552,119.7451596,100.62,100.61899999999982
P0280,94.50026709,347,0,832,1.776651476,92.94980585,129.2264965,121.09,121.09260000000002
P0281,66.89975784,65,0,824,2.897739574,74.53700846,104.9983567,79.79,79.79440000000005
P0282,68.77914763,196,0,952,1.029336603,63.46675906,101.165095,88.13,88.13310000000003
P0283,54.69909699,350,0,523,1.103237571,63.46405841,65.08993089,63.29,63.293399999999934
P0284,78.91400705,267,0,506,3.213162558,74.8139222,101.9724594,93.5,93.50160000000007
P0285,51.79711369,454,0,667,3.081797617,45.38573259,82.50557943,61.82,61.82379999999992
P0286,73.27990091,67,0,489,4.978327956,67.91512217,86.79456087,85.74,85.74210000000008
P0287,77.13223174,372,0,441,1.807367341,71.68380996,101.157309,87.12,87.12490000000001
P0288,64.32706261,132,0,713,2.032415717,67.14863459,75.65518696,70.5,70.49679999999995
P0289,79.54166303,197,0,592,1.454162569,90.66160256,92.68480291,90.93,90.9292000000001
P0290,51.5250125,239,0,291,4.670172039,43.51513942,77.40194355,56.33,56.329400000000035
P0291,51.86740944,177,0,598,4.111244978,59.5413174,67.1760396,55.42,55.41759999999997
P0292,91.13002803,429,0,921,4.289356446,97.48868952,123.831662,101.49,101.48719999999992
P0293,68.00953207,123,0,811,4.611055152,79.82253087,105.5881308,91.85,91.8513000000001
P0294,56.35302563,261,0,332,3.099599947,52.45671465,98.3764936,70.34,70.34449999999994
P0295,76.112163,116,0,326,2.804772766,77.36490947,94.11817277,90.39,90.38609999999983
P0296,88.49967765,46,0,470,2.321565895,101.645362,105.1989809,102.96,102.95890000000007
P0297,60.79105137,344,0,238,3.356858457,67.29088763,74.97376499,69.69,69.69259999999991
P0298,81.14452379,101,0,955,2.817113587,80.86373411,116.6017338,95.04,95.03640000000013
P0299,54.26737325,27,0,916,2.806262346,47.55268282,92.52640231,81.57,81.56819999999992
P0300,52.58408606,363,0,248,4.747711455,49.14621126,63.84753185,58.47,58.468100000000085
P0301,76.56773158,72,0,214,4.936126057,81.09811852,124.0162214,95.15,95.1532999999999
P0302,77.03175608,159,0,549,4.185937557,84.98595477,89.11060743,85.83,85.82760000000009
P0303,81.87149507,148,0,162,4.027032361,74.98204225,113.5233485,95.62,95.61569999999995
P0304,86.30456669,195,0,203,3.722232647,91.29449819,124.6669875,95.8,95.79990000000005
P0305,98.79260397,194,0,950,1.664299409,102.5513859,143.6313689,104.19,104.19009999999987
P0306,75.81501742,214,0,970,1.236423284,78.66390358,114.3784947,94.86,94.85759999999996
P0307,66.14782365,269,0,767,3.76290526,73.40090159,108.216947,85.2,85.20210000000009
P0308,89.75930974,223,0,372,3.915144889,100.6955496,113.3373174,97.94,97.94080000000005
P0309,63.54161256,265,0,105,1.187891964,61.61635464,106.1346171,76.41,76.41489999999992
P0310,71.94857104,144,0,246,4.712207001,84.17387579,85.15316489,84.51,84.51270000000005
P0311,53.92281907,70,0,283,1.364562558,47.93865938,99.71548531,70.65,70.65270000000011
P0312,51.26753717,372,0,127,2.143602135,45.59313391,83.17123222,58.37,58.37360000000007
P0313,98.13242073,319,0,649,3.689559251,94.80172232,140.8243315,107.51,107.51050000000005
P0314,91.79900603,97,0,218,1.679490378,84.78727776,119.8917374,109.12,109.11849999999993
P0315,84.7987103,333,0,392,1.221663554,80.55669092,120.5418181,87.44,87.44169999999997
P0316,70.44764722,485,0,470,2.324585957,63.10794129,101.5037537,90.98,90.97970000000005
P0317,58.664716,216,0,343,4.063886299,69.20852643,97.92829687,70.79,70.79439999999995
P0318,57.82185213,138,0,679,2.654714716,51.29607693,71.08705141,66.93,66.93480000000005
P0319,62.51214491,320,0,825,3.611891688,71.19458385,74.92622827,77.97,77.96969999999993
P0320,77.46133324,12,0,317,3.318476389,68.65917993,97.3454626,86.56,86.5599999999999
P0321,85.72979614,471,0,276,1.088873928,99.44280432,102.1115833,99.51,99.51180000000002
P0322,83.00986884,431,0,398,4.954159948,90.78887102,127.8812115,98.68,98.67819999999992
P0323,63.99669485,251,0,775,1.165712355,54.16660856,82.76525434,73.67,73.67279999999991
P0324,97.74326403,130,0,157,4.871210951,106.8396765,146.7778743,120.43,120.4251
P0325,86.89484583,394,0,368,3.199456713,89.74689385,110.3706775,101.34,101.34080000000007
P0326,77.71770263,111,0,407,4.852636108,87.20183188,95.00241925,83.81,83.81219999999999
P0327,80.58603731,47,0,669,1.459014398,83.64845753,122.1739776,98.07,98.07320000000001
P0328,70.98000312,350,0,387,2.961634077,77.00562456,107.3283141,78.69,78.68650000000001
P0329,62.38654948,422,0,204,1.678016367,72.04484086,92.31437813,86.49,86.49399999999987
P0330,67.79863393,142,0,327,1.203899508,67.9263353,100.013176,84.73,84.72690000000006
P0331,87.89230552,211,0,346,3.47011646,77.96000927,126.6603767,101.7,101.69920000000008
P0332,50.71967443,357,0,799,1.831133684,61.96833683,69.85786408,54.94,54.93519999999999
P0333,55.80363203,30,0,593,3.350788073,55.32589109,105.6569887,79.27,79.26930000000006
P0334,52.3001321,251,0,182,1.449457928,54.70120025,101.2918586,54.57,54.57220000000001
P0335,52.03644012,464,0,285,2.327945886,42.23060617,88.04946757,61.34,61.34160000000003
P0336,92.7730292,460,0,351,4.126530232,95.07532946,110.7547272,108.63,108.6337
P0337,85.18289297,118,0,454,2.748206087,99.84507801,122.3920227,93.47,93.47059999999998
P0338,73.70869145,312,0,849,3.51098166,70.66538297,86.59662781,84.0,83.99979999999996
P0339,54.89170803,93,0,971,3.589831763,54.77716479,66.11780812,68.16,68.16429999999995
P0340,74.58079376,92,0,795,4.375020176,81.76054367,94.8881093,84.54,84.54490000000013
P0341,73.67358854,300,0,895,2.299691178,84.04343023,102.1785068,81.88,81.87949999999994
P0342,58.6600935,461,0,996,3.74918225,59.0948841,103.3909937,69.13,69.13420000000008
P0343,71.69258246,78,0,309,4.846463228,69.43430422,110.7793453,88.16,88.15979999999998
P0344,69.92523672,138,0,915,3.920973337,83.37088172,109.6334976,81.73,81.73099999999997
P0345,80.7925049,205,0,907,2.959481907,87.72112907,107.8122383,95.55,95.5461000000001
P0346,81.75468254,149,0,708,3.522869778,74.73021516,105.5920822,93.65,93.65149999999993
P0347,52.26520049,453,0,546,3.958731591,43.98839744,77.10675101,57.78,57.77599999999996
P0348,68.73063073,292,0,559,3.449103063,70.819377,118.2366133,87.91,87.90599999999993
P0349,81.29299579,321,0,571,1.066703254,76.79524744,92.89736344,90.67,90.67380000000001
P0350,75.15681293,243,0,819,1.779093991,71.50643176,119.8380728,83.59,83.59449999999987
P0351,92.82449206,32,0,469,4.241872869,104.7667965,125.9715084,98.04,98.03630000000014
P0352,82.93468158,162,0,999,2.090602589,75.17383219,110.4792983,91.18,91.17959999999995
P0353,58.14672135,286,0,591,3.926248478,66.03082423,97.15702777,63.99,63.98660000000001
P0354,53.52843737,70,0,236,2.488480861,50.3069937,82.99519503,74.12,74.11710000000015
P0355,82.12096391,328,0,466,3.087537313,91.12916945,127.0578934,85.56,85.56110000000004
P0356,51.32556553,387,0,283,1.271893199,59.38585014,97.35364009,61.36,61.36300000000003
P0357,79.28877906,61,0,687,1.724902244,69.4735766,106.1576161,95.83,95.83269999999997
P0358,97.01151207,353,0,386,4.828787854,99.73989739,118.084624,104.19,104.18880000000001
P0359,78.77370889,162,0,571,4.560552214,72.25669595,112.467722,88.48,88.47690000000006
P0360,69.40849631,246,0,474,3.609100444,81.06417207,115.9030301,88.28,88.27880000000003
P0361,82.16441092,320,0,753,2.83857839,93.95405799,100.5908985,87.85,87.84549999999996
P0362,72.91264452,311,0,848,3.703045172,73.37128971,107.8313079,85.41,85.40979999999989
P0363,77.28083947,41,0,636,3.474441156,78.39072993,112.5432483,86.2,86.19640000000005
P0364,97.07324044,64,0,610,3.274209022,94.65531392,136.3977613,101.75,101.74739999999998
P0365,69.30513189,361,0,901,1.236708287,77.22028936,84.5678393,84.0,84.0020000000001
P0366,98.05952819,398,0,678,3.531210443,97.02606227,136.6925268,115.75,115.75360000000013
P0367,95.2675321,45,0,349,4.075680178,91.96234396,141.6288329,104.54,104.54390000000005
P0368,59.78955674,119,0,609,4.976326619,60.59533323,76.97688109,71.67,71.6665
P0369,53.46806504,499,0,729,1.04431421,45.755253,72.96979804,69.76,69.75669999999997
P0370,55.03890007,186,0,172,3.920693813,63.70398018,103.8947038,63.02,63.02280000000007
P0371,50.91109128,371,0,381,3.287157264,41.22600131,68.15016939,60.79,60.786900000000024
P0372,54.72214804,323,0,459,2.736208704,60.83427458,98.89755177,66.56,66.56430000000003
P0373,84.15033867,304,0,109,1.510280698,78.72195184,113.8414529,94.76,94.75720000000013
P0374,53.55943242,345,0,310,2.636340595,49.36953358,73.4486754,69.24,69.24460000000006
P0375,65.94878151,106,0,934,2.417508732,71.83958148,110.7787776,83.49,83.49020000000012
P0376,92.24376555,378,0,251,2.211319556,107.0673522,120.0559757,100.28,100.28039999999991
P0377,51.16359679,222,0,104,3.923518493,60.60653401,81.75629094,55.34,55.33990000000007
P0378,90.72342413,326,0,294,3.802902085,86.36941494,115.0927589,97.6,97.59610000000008
P0379,64.09273874,146,0,382,3.356080364,58.49335761,97.8107728,69.56,69.56089999999989
P0380,55.90824138,15,0,563,4.754659253,67.56406314,72.44919628,75.15,75.15469999999992
P0381,84.83685827,118,0,212,2.399417537,85.94145697,110.4801197,89.83,89.82579999999982
P0382,81.44714234,44,0,370,1.975207751,74.87346241,130.2236352,94.41,94.41290000000001
P0383,93.87360068,48,0,262,3.623613252,105.4288863,114.198938,111.76,111.76180000000018
P0384,86.75355219,159,0,559,1.795256244,97.15586101,123.0230188,106.06,106.06119999999999
P0385,90.17404652,434,0,204,2.260042029,104.7717056,113.1816491,103.73,103.73010000000002
P0386,64.10172863,127,0,792,1.89840976,76.8453208,105.0406537,73.03,73.02840000000003
P0387,58.87197719,270,0,655,1.276614271,70.16673566,74.10692362,64.95,64.94719999999995
P0388,87.53073758,435,0,381,4.309994967,78.84509753,136.3235794,94.44,94.43569999999998
P0389,90.34173696,96,0,786,2.018162172,82.9521212,118.4933186,108.27,108.26869999999995
P0390,99.5252571,474,0,261,2.892110013,103.749837,118.9672756,118.45,118.45130000000013
P0391,70.63088385,85,0,450,1.173261093,73.917865,83.57075374,83.75,83.75449999999994
P0392,68.60090429,480,0,533,3.797357865,70.04998465,85.39122049,83.02,83.01610000000008
P0393,88.82064804,473,0,951,2.322244009,88.74038117,119.611606,96.43,96.43090000000004
P0394,67.04017701,460,0,239,3.978946911,67.82043913,90.52030407,75.12,75.12089999999998
P0395,96.53786628,423,0,570,2.649612242,100.7703146,139.6932009,121.86,121.86100000000019
P0396,92.92063759,322,0,231,1.783022426,82.97255053,120.1561385,101.92,101.9166999999999
P0397,71.44970137,392,0,186,3.052700329,67.96742072,91.39827227,83.88,83.88409999999993
P0398,87.54355339,223,0,787,1.522018239,90.50054641,122.2293529,97.03,97.03160000000004
P0399,87.7271437,466,0,282,2.762156639,95.78254617,125.9982324,93.22,93.22369999999997
P0400,55.15619344,294,0,467,2.26922191,49.51011075,71.83786976,67.08,67.07599999999998
P0401,95.12764533,248,0,228,4.647838337,98.79967468,111.832414,113.48,113.47559999999997
P0402,75.26261862,174,0,345,1.243714887,83.12411072,86.7294757,86.74,86.74330000000009
P0403,91.32287331,96,0,700,3.776069656,92.43856475,130.7789539,100.7,100.69860000000017
P0404,66.00248005,150,0,677,1.731004664,56.67950839,102.5546612,83.57,83.57259999999998
P0405,94.77616142,169,0,769,2.276180297,96.00786539,123.7613965,103.78,103.78429999999989
P0406,69.46008394,55,0,998,2.662056252,66.87120613,113.2269019,79.75,79.75310000000007
P0407,50.54188257,381,0,477,4.632060357,63.78312277,92.76868869,68.41,68.41060000000012
P0408,95.26909882,121,0,248,1.970313064,88.38443346,128.6832734,117.13,117.1324000000001
P0409,54.56433384,416,0,951,1.36523521,60.87623273,99.29518506,61.84,61.83940000000003
P0410,65.96568188,54,0,532,2.274758416,57.28367604,84.19933028,81.31,81.30730000000011
P0411,97.50309835,410,0,727,1.418703882,98.6573593,111.9798831,106.83,106.83130000000003
P0412,97.53035735,256,0,825,1.514385944,101.3798445,118.3203418,114.13,114.12759999999999
P0413,78.67189441,113,0,568,3.295402392,76.12076769,90.95536865,83.74,83.74240000000005
P0414,81.59186061,94,0,545,1.243607732,82.9687515,112.8386417,93.11,93.11399999999995
P0415,72.4222761,459,0,580,1.123723526,66.51112096,119.8865038,100.9,100.89559999999985
P0416,64.66053858,494,0,983,3.857656406,62.26363482,76.23428021,71.33,71.32970000000012
P0417,66.43322727,143,0,393,2.446588379,71.96088539,81.31762383,74.77,74.76809999999995
P0418,83.6259228,117,0,864,1.501501397,81.1709242,111.7138839,87.74,87.74190000000006
P0419,87.61872647,27,0,242,2.014451083,100.1123034,134.9737272,95.15,95.14960000000002
P0420,89.57895219,103,0,349,3.568346029,95.28912613,112.2251964,104.85,104.84599999999988
P0421,89.48090714,159,0,977,2.102146269,90.4471326,119.7702995,109.88,109.87700000000002
P0422,54.56030515,255,0,401,2.9780845,45.52922854,66.22321951,58.05,58.04630000000003
P0423,74.72101524,298,0,124,1.486781227,77.20972362,90.65474327,88.25,88.24609999999991
P0424,52.877938,423,0,888,3.35237455,61.99734405,102.3431429,62.58,62.58060000000006
P0425,77.47644412,218,0,988,2.264310735,74.11538407,126.081192,84.84,84.84149999999994
P0426,72.07652507,135,0,989,3.507873738,82.24586431,82.27412431,80.94,80.94090000000007
P0427,94.38520914,244,0,169,4.233579529,90.68037829,142.4576806,121.01,121.0126000000001
P0428,67.54575063,425,0,724,3.446585678,78.13941033,103.1105481,77.05,77.04750000000004
P0429,55.85335082,435,0,974,2.18299025,47.98505936,100.5700826,64.83,64.83320000000002
P0430,57.1495841,471,0,211,2.022974806,68.80417682,85.33917833,77.01,77.01099999999994
P0431,88.07553159,131,0,463,2.309683835,90.55519286,118.6993727,108.16,108.16390000000006
P0432,80.91090317,147,0,402,1.658482053,78.32434291,110.4647664,86.26,86.26350000000008
P0433,55.05613381,124,0,570,1.724687403,51.68396507,91.73070411,69.29,69.29289999999997
P0434,54.20534031,429,0,190,4.162764408,55.00560428,69.7913905,59.58,59.57790000000006
P0435,85.04845657,171,0,629,2.538930306,100.024694,96.24740017,95.38,95.37870000000007
P0436,53.63815032,210,0,760,2.743980722,49.14633515,75.95534798,64.27,64.2655999999999
P0437,91.09300296,243,0,838,3.376197862,83.67341919,129.2802335,111.38,111.37599999999983
P0438,85.31211136,37,0,825,3.358613981,89.93799058,103.3862494,95.31,95.30799999999995
P0439,54.06743903,20,0,971,1.269507486,56.28100069,91.00473637,82.18,82.18159999999995
P0440,54.2418857,215,0,762,4.326163145,57.34679248,103.0383675,66.19,66.18799999999987
P0441,99.33197893,176,0,291,1.709306213,106.0053644,113.0880076,107.39,107.3871
P0442,68.71353979,256,0,651,3.892286544,65.39214153,105.6176245,81.89,81.88990000000008
P0443,68.53210735,56,0,341,4.090683953,81.29873224,96.28211613,88.52,88.52470000000011
P0444,90.63997836,255,0,237,3.859598136,91.53178002,135.3656685,98.54,98.5419000000001
P0445,97.36242887,136,0,444,3.315910586,90.58958375,114.4484204,109.36,109.3640999999998
P0446,99.30005319,156,0,279,1.058435988,107.8575221,137.0050913,108.78,108.77949999999986
P0447,87.66890926,127,0,811,2.441501969,93.74651808,131.1935208,98.68,98.67799999999995
P0448,68.81297928,408,0,602,3.419357717,66.70656434,116.5975481,91.71,91.71019999999994
P0449,54.17503583,391,0,302,2.549805184,59.71300394,91.50495697,66.2,66.20389999999995
P0450,88.8573458,421,0,672,4.45391958,84.35389471,118.7443364,98.23,98.23169999999995
P0451,77.92021249,161,0,291,2.235209101,79.04119647,112.6341021,90.69,90.6886000000001
P0452,71.21110046,81,0,104,2.17413917,83.69641352,115.9672998,96.12,96.11529999999985
P0453,95.31771925,372,0,989,2.063990772,88.65607508,128.1421091,105.96,105.9583
P0454,55.55987412,146,0,336,2.331123476,55.22728536,66.7753565,65.14,65.1427999999999
P0455,74.63125521,184,0,792,3.229619857,85.15981583,121.869203,86.75,86.74509999999997
P0456,50.56768224,298,0,410,3.828061177,64.80495472,88.14875228,59.45,59.446900000000106
P0457,73.4330321,455,0,648,3.650271671,74.78118551,110.4935675,90.63,90.62519999999999
P0458,52.81516378,490,0,155,4.23087128,55.49015429,71.44216988,69.72,69.71610000000003
P0459,55.94089581,28,0,542,4.543655982,60.24519486,92.29631462,76.65,76.64629999999995
P0460,55.87631234,204,0,336,4.264316169,69.18501588,81.63088857,62.16,62.15819999999999
P0461,82.46051511,339,0,969,1.075781613,93.91568488,118.5098342,86.43,86.4276999999999
P0462,87.30224396,433,0,960,3.943671814,81.56727208,101.5659652,97.78,97.7782999999999
P0463,79.16843825,184,0,296,1.833598294,80.0873837,115.4822504,93.43,93.42899999999992
P0464,98.10862742,499,0,684,1.531712171,99.70863813,148.0851765,117.53,117.52959999999992
P0465,68.74352898,458,0,670,3.553955139,78.47093177,80.67201053,84.19,84.1899000000001
P0466,64.28560431,422,0,851,2.278972782,69.35792638,113.3725717,81.69,81.68629999999999
P0467,93.42995641,443,0,613,1.228468653,99.78546796,119.7062748,109.14,109.13669999999998
P0468,61.17979193,363,0,548,1.550518938,76.13478962,106.0099299,78.05,78.04820000000004
P0469,98.16112697,150,0,459,1.003717667,90.03512806,139.4565463,117.77,117.76710000000004
P0470,50.60772373,255,0,799,4.612894509,46.18296932,83.28837417,52.93,52.930200000000035
P0471,98.49394134,394,0,918,1.098471935,98.69133977,138.0319097,114.31,114.30700000000003
P0472,52.1579956,427,0,129,1.837823078,50.85255567,97.29861805,55.14,55.14120000000006
P0473,94.55715568,102,0,878,2.665051123,85.09829472,120.7227686,114.22,114.2208
P0474,76.38505545,441,0,207,2.426285304,68.67949562,99.46638192,95.89,95.89269999999999
P0475,99.64823981,248,0,943,4.646903508,106.6720721,136.3519752,106.63,106.63299999999985
P0476,53.68982824,214,0,701,1.161155783,65.67293982,96.00366591,67.29,67.28829999999994
P0477,77.69271422,57,0,816,3.048858831,80.5483895,118.1841196,82.89,82.88990000000001
P0478,98.46512678,442,0,990,3.72191785,101.9449038,140.3776727,115.39,115.38559999999988
P0479,76.15489221,254,0,544,4.726791895,72.53222803,103.5782248,94.06,94.05940000000002
P0480,81.46993191,329,0,992,3.481485008,90.666841,124.1833006,95.64,95.64069999999985
P0481,84.78743445,326,0,537,4.215020944,93.58229913,99.59579666,88.23,88.23150000000001
P0482,72.72705324,422,0,831,1.334899751,77.43619547,104.5066172,84.68,84.67609999999992
P0483,81.377904,304,0,989,2.543758044,76.69451117,91.60825042,93.09,93.0875
P0484,79.2157156,137,0,705,2.495788538,71.64117105,102.1991488,95.76,95.75630000000008
P0485,95.05790052,353,0,556,4.545152866,86.66386492,119.7163619,108.49,108.49309999999993
P0486,52.27231902,291,0,714,1.605484685,57.08972068,78.11922668,55.8,55.80430000000003
P0487,64.04815948,26,0,834,1.607544689,74.67404246,101.8668477,82.18,82.17680000000011
P0488,97.5205742,80,0,797,2.3142326,108.978835,123.0628983,108.82,108.82390000000007
P0489,94.51318919,278,0,795,1.217864189,96.10374105,122.4609341,117.1,117.1035000000001
P0490,72.78283764,334,0,594,1.729832163,82.38962012,92.28460287,85.68,85.67849999999999
P0491,81.00662989,291,0,773,4.860838554,94.6786348,105.9367016,91.24,91.24359999999997
P0492,63.86905915,314,0,346,2.712735759,60.74831196,82.95984424,73.78,73.78249999999997
P0493,59.40605799,460,0,642,3.528076834,59.35506665,72.33389494,67.61,67.60719999999998
P0494,73.18492025,16,0,663,3.904445037,86.47189506,107.322864,81.45,81.45219999999992
P0495,67.6676114,323,0,956,2.467845628,66.12338558,104.3961233,84.4,84.40459999999997
P0496,79.18280559,314,0,687,1.588908298,92.02971285,113.9624194,98.03,98.0309999999999
P0497,53.88673185,112,0,996,1.826324065,68.4128534,82.4264936,69.82,69.82380000000006
P0498,98.71974038,318,0,538,2.253065906,105.2650086,123.9111716,108.06,108.0557
P0499,99.31053722,202,0,377,3.544273681,109.7327945,143.8438832,106.73,106.72659999999988
P0500,84.9080857,250,0,651,2.593122196,93.64672481,115.6713571,99.17,99.16970000000003
P0501,76.80481832,71,0,712,1.027258792,84.29317476,105.9720934,91.9,91.90140000000001
P0502,65.47638081,26,0,210,3.09362874,63.14965764,76.50206345,73.16,73.15909999999991
P0503,90.68975099,180,0,484,4.686053568,82.11710943,114.3396641,104.76,104.76099999999988
P0504,84.23655863,34,0,932,4.248310444,82.81285194,109.4443834,96.68,96.6834999999999
P0505,58.13084697,260,0,860,4.300845485,64.8042466,84.0837582,67.31,67.3083999999999
P0506,95.54635922,262,0,290,4.18023207,88.10958918,128.753254,102.33,102.32590000000003
P0507,91.12686215,396,0,589,2.294923302,81.42481172,122.470964,104.34,104.33860000000011
P0508,97.48999566,216,0,793,4.060775335,90.98230498,131.8061994,117.06,117.06099999999998
P0509,86.28597542,38,0,525,1.572645431,94.17937358,126.8813059,100.33,100.33489999999996
P0510,80.6707598,126,0,504,3.630864589,94.99060234,123.1901893,88.96,88.96310000000007
P0511,70.91215181,425,0,434,3.566274267,85.4887693,109.6370749,85.91,85.9122999999999
P0512,96.63642417,291,0,308,1.102279196,98.9859029,144.857372,106.57,106.57019999999994
P0513,93.30319448,389,0,121,4.151880534,105.037002,104.0324978,108.3,108.29920000000004
P0514,52.26093351,153,0,777,4.61299242,60.6815949,70.09205293,55.22,55.21859999999996
P0515,51.31834872,34,0,710,2.069661114,53.84435465,61.62086372,60.68,60.678299999999936
P0516,68.82316834,319,0,307,4.249562897,73.14218167,104.7221569,83.65,83.64899999999989
P0517,90.52766654,165,0,107,1.329623887,83.9583452,136.4488885,104.13,104.12879999999984
P0518,99.36380647,82,0,801,3.399871433,112.805343,119.1030983,106.6,106.5999999999999
P0519,57.52084456,129,0,786,2.942587461,56.31908882,104.6022263,74.87,74.87160000000009
P0520,79.70653577,321,0,884,3.183694133,80.86026718,92.11723138,92.16,92.15769999999995
P0521,69.04454283,330,0,628,4.704820808,75.83604861,116.4219839,81.85,81.85029999999998
P0522,98.49571989,102,0,701,4.485260989,96.84328168,122.5606274,106.14,106.1429000000001
P0523,92.10594616,95,0,752,4.140334629,88.46242518,106.1627793,105.29,105.29040000000012
P0524,91.91643524,345,0,756,2.094793831,97.69267007,121.3513056,111.63,111.63069999999998
P0525,73.43465799,434,0,265,4.647274515,64.05926005,93.7057207,77.34,77.33769999999996
P0526,70.74097512,373,0,948,1.39003077,78.75910292,92.1358912,84.15,84.1547000000001
P0527,63.6703536,444,0,595,4.413316866,66.52093784,85.96195219,73.88,73.88179999999997
P0528,52.81877483,127,0,689,2.312640289,57.9626181,94.93981075,67.84,67.83880000000005
P0529,93.23611881,242,0,528,1.215089247,99.03312279,124.8025699,105.14,105.14020000000006
P0530,90.64505046,208,0,873,3.677427937,93.82130437,113.0973584,98.93,98.93460000000006
P0531,99.98588366,215,0,262,1.925119713,104.5492281,134.399235,114.84,114.8370000000001
P0532,99.83184185,422,0,465,1.974284503,106.9265469,138.4778688,128.7,128.70319999999995
P0533,77.77158528,348,0,625,2.224188665,86.59955646,98.67654531,90.01,90.00519999999993
P0534,88.44937076,156,0,338,1.25473907,96.63568054,114.9913348,100.26,100.25979999999994
P0535,97.23828649,459,0,171,1.708508577,108.9786979,112.1137302,109.69,109.69299999999997
P0536,92.48236953,434,0,544,1.02055851,87.21845536,109.7283435,107.79,107.7933999999999
P0537,62.36740509,438,0,754,2.781638084,62.39610432,99.61211925,90.63,90.6287999999999
P0538,72.52720677,280,0,921,1.33702151,86.22210842,89.78474067,84.62,84.62190000000014
P0539,56.45797076,396,0,608,3.73061042,56.37273512,87.4645061,68.81,68.8120999999999
P0540,97.70255136,148,0,894,1.942491405,90.82430329,136.0644018,116.57,116.5666999999999
P0541,80.30873172,190,0,368,4.774296576,83.44485988,94.58380865,91.71,91.7099000000001
P0542,61.43214028,439,0,852,4.48500651,54.16941459,94.12462906,80.9,80.89739999999988
P0543,83.58503422,39,0,514,2.15776358,78.65636519,103.8475456,88.36,88.35519999999995
P0544,80.90641202,66,0,344,4.132861819,95.86438094,129.423487,88.96,88.96480000000011
P0545,67.9081359,241,0,774,4.212979619,71.44220186,97.24996177,81.58,81.58069999999992
P0546,55.67787961,155,0,159,4.946252456,52.77933934,97.9175816,70.53,70.53190000000004
P0547,83.57865978,444,0,105,3.391359947,98.44803364,115.5877215,90.79,90.79370000000003
P0548,76.01538505,393,0,808,1.327862939,90.17935801,87.75188636,91.45,91.45060000000012
P0549,88.61591959,57,0,669,3.587348916,89.63439561,123.9419746,104.44,104.43570000000008
P0550,76.00817506,203,0,916,3.499918994,72.51825278,124.0643087,90.46,90.4598
P0551,92.60907502,233,0,506,3.55340231,103.569066,126.6735478,99.3,99.30229999999997
P0552,77.59534194,145,0,316,2.228582592,85.48585986,120.3628963,92.07,92.06590000000006
P0553,78.04689858,31,0,125,4.43871834,85.22043445,123.4151571,86.55,86.55029999999994
P0554,93.83268013,15,0,914,4.837888732,106.1605237,112.955871,113.06,113.05540000000002
P0555,70.17414331,213,0,104,1.870850052,77.40957166,88.65593691,91.02,91.01669999999994
P0556,56.70076142,248,0,631,1.352608633,53.79571,91.14000098,73.25,73.25199999999998
P0557,51.43913382,194,0,489,1.778140133,58.78571286,77.88027261,56.38,56.37630000000003
P0558,87.75686278,369,0,809,4.282208557,85.40220057,131.3513149,92.61,92.60740000000006
P0559,81.01547757,301,0,670,3.706578539,89.99645206,127.0164025,97.55,97.55220000000004
P0560,85.2039884,344,0,547,3.544189369,90.69768477,109.3408436,99.15,99.15340000000008
P0561,60.64820808,229,0,853,2.60717254,52.58349688,80.12303043,70.0,70.00390000000003
P0562,56.81857378,125,0,245,3.311311886,59.63945784,98.03959439,66.92,66.91780000000004
P0563,50.72723328,322,0,487,2.231496501,49.30975751,71.71947471,60.04,60.040300000000045
P0564,67.52937794,58,0,884,2.908800318,65.74364376,110.4339507,75.82,75.8246
P0565,79.49588434,182,0,348,4.172252113,84.5522919,106.4454145,86.14,86.13779999999998
P0566,69.61220225,91,0,625,4.92496639,67.67032287,106.3141982,83.76,83.76350000000002
P0567,71.8737461,331,0,561,4.729955694,81.29608981,85.69515865,81.79,81.78970000000005
P0568,95.20793472,342,0,112,4.735463771,86.97772062,130.1623077,118.07,118.06689999999998
P0569,67.41277335,54,0,483,2.608894939,73.92247966,95.4834805,78.59,78.59440000000012
P0570,75.69947446,344,0,655,2.875159522,85.92934455,109.163813,93.39,93.38559999999993
P0571,89.18265064,29,0,986,3.822541585,96.00344289,105.9032189,106.68,106.67859999999997
P0572,69.82713912,457,0,498,4.688767712,72.25786899,109.3020889,88.84,88.83519999999999
P0573,81.10433501,230,0,118,1.567977037,94.86201035,125.6162181,88.68,88.67570000000006
P0574,93.11818544,132,0,674,2.216967455,90.61664768,111.7877774,108.5,108.49540000000005
P0575,97.47603118,243,0,590,1.556987378,87.95522837,111.3046134,111.05,111.04500000000006
P0576,57.35367405,230,0,850,3.44803412,58.15340833,68.29921749,68.66,68.65660000000001
P0577,96.32938126,332,0,518,2.225203988,87.15467966,132.0082413,108.33,108.32740000000013
P0578,74.60581465,348,0,436,2.30443141,88.45423347,108.8895761,82.6,82.59819999999995
P0579,62.91221941,12,0,518,1.283663838,58.16017056,94.78011592,76.59,76.59390000000008
P0580,72.95678781,191,0,711,2.399184247,82.67996341,92.23467166,89.1,89.0970000000001
P0581,99.00162876,215,0,774,4.44998603,108.3659308,124.6378686,110.19,110.19360000000007
P0582,74.6309047,329,0,221,1.932291248,70.07412719,108.4099581,86.46,86.45549999999997
P0583,66.43758051,49,0,531,3.780749865,71.96824378,96.30825487,76.81,76.81089999999993
P0584,81.67004272,68,0,143,3.51851338,72.87201693,131.1814635,97.33,97.32540000000006
P0585,62.00728094,448,0,971,4.453938433,64.09664558,77.46487104,76.72,76.71600000000004
P0586,53.79316641,71,0,416,1.529151791,44.15934459,91.59894857,62.6,62.599799999999995
P0587,56.4439861,141,0,480,4.910359841,69.4725831,82.61673682,70.45,70.44599999999996
P0588,56.40229195,69,0,244,3.330514584,70.80444255,83.53027654,70.2,70.19950000000006
P0589,57.59513468,381,0,426,4.981896609,53.15220384,96.2990453,76.12,76.1177
P0590,56.94135863,340,0,462,4.646058903,52.1440095,94.63880469,67.08,67.08060000000003
P0591,82.04373724,131,0,149,1.886069088,90.88674165,131.693977,99.61,99.61319999999998
P0592,59.09400422,488,0,164,1.22464804,55.42848919,74.2297758,74.18,74.17870000000008
P0593,67.28336417,116,0,454,2.022556375,79.66027815,81.44775014,75.39,75.3916000000001
P0594,94.8394205,105,0,899,3.110254596,99.1876489,133.8129732,111.64,111.64330000000014
P0595,73.69808201,356,0,263,1.686385468,72.46752259,106.8335587,79.85,79.84670000000001
P0596,83.37788693,423,0,240,1.669838978,94.19523058,104.3443136,100.03,100.02820000000014
P0597,58.61599356,244,0,925,2.850374188,60.95116107,71.79276832,70.63,70.63249999999991
P0598,59.61445094,395,0,227,1.133071885,72.40527378,73.04078092,66.12,66.11680000000004
P0599,52.04343081,71,0,497,1.48755233,65.24378673,97.8110658,57.6,57.59890000000005
P0600,58.44675315,265,0,979,2.663445358,52.58225696,76.12144614,70.22,70.22150000000009
P0601,63.92951695,58,0,562,1.252519637,53.9876021,86.86437944,75.1,75.10470000000001
P0602,58.85052421,402,0,850,2.587020226,73.44879772,77.9167803,67.09,67.09
P0603,54.43512669,357,0,935,2.896025064,67.08856509,78.63497892,69.43,69.42650000000008
P0604,56.03179356,168,0,907,2.805066456,47.41792445,68.80874726,67.21,67.21290000000003
P0605,73.0389384,133,0,286,4.47669943,83.864795,103.80133,89.4,89.40470000000009
P0606,60.31668592,491,0,819,3.12024982,61.76180923,73.02118846,72.53,72.5266
P0607,68.21349305,326,0,831,2.87192185,64.68753318,110.2277534,98.32,98.3235000000001
P0608,75.17086354,216,0,289,2.642836982,87.13952663,94.51934682,88.84,88.83570000000009
P0609,84.51974143,57,0,487,4.270493513,79.43642224,116.120218,88.76,88.75770000000011
P0610,51.96560699,418,0,528,4.580226416,65.64810698,97.16877049,56.98,56.98359999999996
P0611,89.97051995,429,0,957,4.412969877,85.11105714,126.0056147,95.62,95.62139999999994
P0612,81.39501947,145,0,383,3.694186313,86.73709917,112.7133309,94.33,94.32729999999998
P0613,54.0879516,210,0,963,1.549446984,49.66510996,77.06130172,67.98,67.9778999999999
P0614,93.67893121,259,0,336,2.107479878,97.32064783,116.9990077,106.38,106.38150000000007
P0615,96.04362003,323,0,293,1.184252255,103.1429983,132.8230982,105.36,105.36239999999997
P0616,53.05389799,366,0,386,4.7232963,47.80959626,102.8194724,61.68,61.677699999999916
P0617,63.84388241,377,0,870,3.643194119,66.86602697,100.31745,85.44,85.43679999999989
P0618,90.31006399,438,0,857,3.985451537,92.0365576,122.6214007,103.59,103.59429999999993
P0619,87.41298452,327,0,235,2.246286958,79.18892005,126.6390049,92.17,92.16790000000006
P0620,59.22605097,304,0,891,4.382614089,69.68374641,87.83427546,70.65,70.64759999999995
P0621,60.46746617,489,0,882,2.038413135,58.85952618,72.87315987,74.13,74.13039999999992
P0622,68.52360514,323,0,270,1.006575028,72.88816008,101.0154778,89.22,89.21949999999991
P0623,74.22614926,218,0,258,2.50565985,77.09575513,122.5311606,84.21,84.21000000000004
P0624,80.91273858,364,0,300,3.283045924,83.74425119,97.92485627,89.2,89.2040000000001
P0625,68.44568198,494,0,586,2.914819432,61.12624183,106.0458776,85.34,85.3362000000001
P0626,73.12673581,220,0,656,4.44830457,73.71378604,91.16408335,88.92,88.92379999999999
P0627,87.37354691,201,0,875,1.421621144,88.68271589,118.8066543,101.41,101.41219999999993
P0628,51.83416014,53,0,682,3.215293763,60.17523115,65.70121813,56.56,56.562100000000044
P0629,62.62184722,38,0,603,3.051917399,73.62231802,90.63668467,80.96,80.95750000000004
P0630,85.66747929,68,0,975,2.125571929,89.29203625,125.9140125,107.65,107.65020000000013
P0631,94.76034188,80,0,470,4.28891245,86.92991574,118.6632029,99.61,99.60649999999983
P0632,75.58387211,101,0,202,4.011394624,71.50510887,112.1803411,100.24,100.2428999999999
P0633,76.60567426,274,0,224,3.931436749,70.72902493,118.4236727,87.71,87.7089
P0634,55.35860057,392,0,412,4.504769913,48.47397715,102.4457133,60.9,60.89949999999995
P0635,72.37061834,229,0,897,3.891138402,71.51810081,91.75630162,87.39,87.39379999999994
P0636,76.63086332,399,0,557,1.927365167,72.36570088,102.6035,89.32,89.32209999999982
P0637,62.12352518,422,0,329,3.822250847,57.58110298,78.22016571,75.85,75.8540999999999
P0638,63.46216155,451,0,757,2.230811254,54.82949091,113.1615016,82.38,82.3766
P0639,68.86420816,410,0,981,1.968698601,59.30595928,115.9442469,95.5,95.49870000000003
P0640,51.00355989,409,0,296,1.292014372,43.57276596,82.6018451,60.76,60.760599999999975
P0641,66.10395828,224,0,984,3.976114321,60.40889526,109.7852901,76.21,76.2109999999999
P0642,60.57240035,488,0,832,3.844003848,61.34699357,91.41071944,75.9,75.90379999999989
P0643,66.37486761,396,0,522,1.937997911,69.13787414,101.3182951,84.27,84.26829999999997
P0644,55.98810659,286,0,671,3.997516067,49.50290455,69.55308388,64.48,64.48130000000009
P0645,94.52636404,73,0,709,4.671363532,95.14594758,134.7371809,103.93,103.93370000000016
P0646,79.67962268,355,0,270,1.43211583,78.22334374,94.78816202,92.2,92.19959999999998
P0647,83.95511596,301,0,481,1.930546554,78.54070704,126.9978212,92.09,92.09440000000008
P0648,89.45856193,499,0,272,4.001043176,79.62958063,130.7396854,100.75,100.74780000000011
P0649,74.92210995,494,0,762,2.098026694,76.59755661,113.2718979,90.31,90.30669999999984
P0650,54.3460144,254,0,552,3.498655897,61.48730814,65.79242963,60.02,60.02469999999992
P0651,76.85532709,479,0,449,1.324656898,72.51226044,98.98046133,94.48,94.48129999999998
P0652,79.3420559,71,0,733,2.808809916,72.63722665,99.8665587,94.29,94.28730000000014
P0653,87.27197371,435,0,593,3.956365688,99.44804232,111.67743,93.78,93.78280000000004
P0654,71.58297731,341,0,719,3.746055772,68.45859662,85.08868718,83.48,83.47509999999998
P0655,56.37901514,179,0,103,4.260288403,51.96933063,103.8573281,67.34,67.34260000000006
P0656,64.18879529,454,0,192,4.509808506,75.61621878,96.34088492,76.0,76.00340000000007
P0657,68.15411482,278,0,105,4.092734005,78.5817923,90.37508725,88.72,88.71559999999988
P0658,82.29586207,276,0,387,3.686350972,83.50452383,108.1751227,89.51,89.50819999999995
P0659,78.53891523,63,0,717,1.126889967,80.76988677,106.4270169,91.61,91.60769999999994
P0660,67.80483629,25,0,245,3.139866694,63.24855392,101.8286096,78.4,78.3992999999999
P0661,99.32576244,17,0,882,1.1507909,91.2833042,129.9529395,115.91,115.90899999999996
P0662,80.28874097,113,0,523,4.232271268,84.6245366,127.0644199,85.35,85.34590000000006
P0663,61.86133959,68,0,989,2.282898098,54.31996263,91.7398789,73.26,73.2623999999999
P0664,55.08912363,322,0,707,3.249717496,56.3209873,104.7754442,76.81,76.81499999999994
P0665,57.64295696,49,0,556,2.117781229,71.15538692,101.6999553,85.99,85.98970000000007
P0666,62.29788642,246,0,840,4.130000578,76.11874615,80.63830699,70.71,70.70510000000007
P0667,58.03406866,452,0,301,4.546010107,54.01737583,105.2578772,73.25,73.25400000000008
P0668,59.3283512,395,0,311,2.594569977,64.9311867,73.98300712,71.48,71.4752999999999
P0669,64.25475843,103,0,105,4.451689574,66.10666504,106.9527468,72.03,72.03169999999996
P0670,58.66867976,231,0,723,2.06830003,70.56080795,83.8936115,66.64,66.64070000000007
P0671,94.83827123,213,0,475,3.138643692,91.62404284,139.957244,112.09,112.0874000000001
P0672,54.01168728,147,0,990,4.435045719,44.10424745,98.73395489,73.15,73.14690000000007
P0673,76.22556948,309,0,546,2.30352537,70.28959963,118.4625855,97.7,97.70209999999997
P0674,70.51984135,404,0,934,4.81616906,69.25791138,112.1210588,83.58,83.57730000000001
P0675,99.11893085,216,0,205,1.487518007,97.01195909,121.3060964,115.66,115.65899999999986
P0676,55.60194511,345,0,750,1.073100279,65.38601809,68.83871643,70.12,70.12150000000003
P0677,69.89277995,90,0,910,4.61654141,76.90679661,96.0119871,82.47,82.46929999999989
P0678,98.47352166,227,0,500,1.274594665,95.96242965,115.4145023,107.91,107.9123000000001
P0679,93.27535629,11,0,195,4.967556784,94.71895172,131.0733999,101.56,101.55779999999999
P0680,90.85360355,187,0,487,4.805587448,83.24258115,114.6975926,97.43,97.43190000000004
P0681,62.89514135,405,0,551,1.54808364,75.34880247,111.9195494,83.62,83.62010000000001
P0682,58.54437937,380,0,948,3.150338503,71.92999998,94.18326246,73.32,73.32019999999999
P0683,83.432161,355,0,908,1.73968119,97.92724938,126.3313835,88.42,88.42299999999994
P0684,96.46879946,288,0,515,2.712620692,108.1826202,111.7697864,102.46,102.45679999999987
P0685,77.83814465,155,0,825,1.245700517,72.18716684,122.3187239,85.11,85.1137000000001
P0686,78.58063447,327,0,603,1.895698351,69.73554655,125.4909221,98.02,98.02069999999995
P0687,63.99895468,233,0,553,2.453091186,68.48887287,93.48143144,76.44,76.43580000000001
P0688,88.47464666,378,0,390,2.754590001,101.2897723,122.7247642,99.92,99.91550000000001
P0689,59.35218743,393,0,633,4.909985033,53.78597147,99.94457946,69.39,69.39130000000004
P0690,66.18396182,71,0,292,4.231462583,56.36003469,83.17750691,78.98,78.98389999999992
P0691,71.27182193,303,0,249,3.949639777,81.40922308,101.374465,79.72,79.71639999999988
P0692,75.38051893,248,0,979,3.148165259,67.30041104,101.32704,85.0,85.00440000000005
P0693,62.12048662,204,0,858,4.359991042,62.46313742,77.97544631,73.7,73.70170000000009
P0694,55.74184124,175,0,878,2.357291343,62.71402467,80.44321813,64.01,64.01129999999992
P0695,80.53100212,460,0,862,3.835596451,76.45094176,93.2578945,93.88,93.88170000000002
P0696,64.43152766,231,0,614,4.975135902,56.53059175,75.46400394,76.2,76.19559999999991
P0697,79.06191107,70,0,492,2.258515636,88.31244178,94.46856264,91.61,91.61380000000001
P0698,57.71813576,138,0,415,3.69607014,63.47251289,106.2427402,67.56,67.56079999999993
P0699,74.05700509,487,0,175,4.377259457,88.7692672,106.0381865,83.93,83.9307
P0700,76.62947163,182,0,698,4.663230333,75.23717246,125.2623581,88.14,88.13850000000004
P0701,52.59117684,489,0,369,3.871730764,44.1352365,79.89109197,68.31,68.30770000000003
P0702,66.83021391,165,0,324,2.134431694,75.18896479,89.30285923,74.35,74.34700000000007
P0703,56.72073385,414,0,629,2.305128606,59.76406932,86.96640836,72.8,72.79829999999991
P0704,53.16874852,387,0,212,1.083032128,48.49884681,80.74921607,62.9,62.90460000000003
P0705,99.49801162,119,0,350,4.043543911,109.0412363,113.724599,113.56,113.55689999999991
P0706,66.11769225,278,0,332,1.170958424,61.21157939,101.7507448,86.02,86.01930000000006
P0707,90.49372229,420,0,940,4.458609418,87.01026366,109.1352496,97.55,97.55329999999992
P0708,62.73203274,365,0,890,1.474642458,55.0452466,97.51555093,85.69,85.69380000000005
P0709,84.07513611,400,0,813,1.687506049,84.06094309,120.0831798,94.03,94.03300000000002
P0710,88.01139299,287,0,182,2.906105883,88.48462359,104.0923871,97.24,97.23900000000008
P0711,79.78193703,83,0,224,3.951521661,82.64598179,92.23592211,91.54,91.5371
P0712,73.57880943,496,0,274,1.556008821,81.30291611,114.8092729,89.48,89.48009999999996
P0713,70.59204571,446,0,168,2.7602843,83.24456892,98.98406266,83.84,83.83670000000001
P0714,67.44341333,472,0,146,2.931405098,60.8867658,79.76996515,73.69,73.6935999999999
P0715,96.47645721,216,0,983,1.849142567,87.83515967,146.2711099,102.46,102.46079999999998
P0716,91.53097039,397,0,355,1.462233507,81.99425123,103.8421928,102.84,102.83920000000003
P0717,98.25134553,489,0,826,4.345683692,91.84187999,136.0527547,110.67,110.66919999999989
P0718,56.21486117,288,0,129,3.009862599,62.66359832,105.5620182,68.47,68.47060000000009
P0719,86.54337376,384,0,380,1.057524944,94.73030071,106.1105779,100.66,100.66000000000011
P0720,96.91702284,335,0,336,4.211925205,106.5796657,112.6069976,110.72,110.71829999999989
P0721,59.06165331,481,0,347,4.923175222,55.15435861,73.91705089,71.24,71.23619999999997
P0722,53.32481337,349,0,467,3.423704782,50.9721837,75.45581927,68.68,68.68019999999993
P0723,87.05603246,366,0,594,3.014833548,89.1343986,101.0978649,98.51,98.51160000000007
P0724,78.72365566,349,0,124,4.513663452,70.30323308,116.4101093,94.77,94.76889999999997
P0725,92.09143884,213,0,685,4.810067159,97.36997692,104.5831108,100.07,100.06820000000012
P0726,56.98861883,170,0,817,4.018147664,71.58199467,87.36550396,69.7,69.70020000000007
P0727,89.76336559,37,0,589,2.781811719,88.78352338,139.6312397,98.33,98.32569999999998
P0728,60.081366,401,0,593,3.368885597,68.90255288,102.6401768,75.38,75.37979999999997
P0729,58.18279714,266,0,413,3.80374146,60.68364503,92.79157467,63.97,63.96709999999991
P0730,58.2132899,174,0,705,1.777094284,51.40858601,80.46343473,63.63,63.63120000000006
P0731,90.72873601,72,0,474,2.788804129,95.28467223,125.6845695,101.72,101.7193000000002
P0732,83.25986103,31,0,738,4.319285059,80.75671775,114.3415196,89.84,89.84159999999996
P0733,76.15327124,79,0,124,3.618901394,67.01335145,103.1966066,99.0,99.00019999999995
P0734,67.94152421,390,0,433,2.644816269,73.81476746,83.16993928,85.24,85.23929999999984
P0735,93.86002704,414,0,454,3.653450136,105.3333358,139.3241957,114.49,114.48580000000014
P0736,69.62225537,105,0,215,1.472889648,68.24149954,97.61364132,82.12,82.11709999999995
P0737,90.82997197,172,0,147,2.605990442,90.58736065,108.6148724,99.43,99.43209999999999
P0738,71.95674543,88,0,837,4.172514152,84.2322875,96.66711946,84.76,84.76080000000002
P0739,68.84722147,14,0,877,1.882035149,79.18744181,95.41241157,84.65,84.6493999999999
P0740,73.13398928,325,0,198,1.74384603,81.00780987,116.2355051,93.73,93.73050000000005
P0741,65.06889371,129,0,558,4.80327464,61.2888203,104.4134689,83.94,83.94460000000008
P0742,87.38046901,311,0,622,1.839590518,100.1358854,128.1526648,93.74,93.73600000000015
P0743,75.1360195,187,0,696,2.043674319,68.99641344,85.57727008,86.53,86.5349000000001
P0744,61.61063476,185,0,504,4.878463756,67.27989774,88.25679468,68.95,68.94580000000008
P0745,94.97872866,399,0,313,3.938834281,85.69875818,124.2324947,109.7,109.69869999999996
P0746,69.19456107,226,0,784,3.798386132,75.28755623,79.96225214,81.14,81.13840000000006
P0747,77.17764306,65,0,602,4.411705535,74.10625185,97.57017141,89.37,89.37060000000012
P0748,95.32360555,375,0,820,1.463292329,96.56552998,135.7351985,105.31,105.31219999999979
P0749,81.2118998,196,0,547,3.823824946,79.8435136,96.69628802,89.09,89.09359999999994
P0750,55.84490204,241,0,993,3.014754437,50.16382094,87.25730729,71.18,71.18220000000007
P0751,96.99160618,264,0,675,4.316602561,102.5411259,115.5996811,103.58,103.58029999999997
P0752,81.38540265,422,0,357,3.032566875,93.43479153,91.87023364,92.1,92.09549999999999
P0753,66.74528073,464,0,943,3.480965417,80.72238679,86.39333904,72.1,72.09940000000006
P0754,56.96360363,113,0,220,2.910968506,51.77226271,105.9985538,65.12,65.11680000000007
P0755,89.70125946,86,0,909,2.912635694,97.63557882,131.7627439,100.52,100.5243999999999
P0756,81.0036378,239,0,153,4.071879912,87.61212196,129.3867036,96.79,96.78720000000007
P0757,76.6730546,411,0,430,3.514265603,75.25749934,106.1872164,98.25,98.25169999999991
P0758,94.69462915,267,0,883,3.533052806,85.17210914,109.0840771,108.88,108.88490000000003
P0759,89.42986056,273,0,340,2.801129935,96.67464174,121.3482401,98.44,98.43600000000006
P0760,57.58374399,340,0,854,3.124437985,71.2211155,85.75883737,78.73,78.73449999999995
P0761,65.58610339,490,0,629,3.982870665,71.38910644,109.3603867,70.89,70.88500000000005
P0762,62.42445699,191,0,582,4.303763676,63.3067751,76.34776022,75.87,75.86849999999997
P0763,87.19731463,390,0,286,3.786245609,90.32616198,116.7269601,98.04,98.03800000000008
P0764,51.67662174,265,0,957,4.696291955,46.66734193,67.67856832,58.45,58.44660000000001
P0765,78.49448424,47,0,755,4.281296353,87.25808834,101.4815213,93.31,93.3062
P0766,88.12293429,185,0,361,3.247455159,96.78343004,127.6172174,99.11,99.11100000000002
P0767,93.83828184,36,0,463,3.685624291,87.47621435,122.879007,112.44,112.43570000000004
P0768,67.10408744,285,0,590,4.705233108,79.053547,92.13961884,85.48,85.48089999999996
P0769,91.06286523,149,0,530,3.476672177,87.79260872,116.8419164,99.72,99.72489999999996
P0770,55.53158685,308,0,338,4.299227792,70.08798837,83.90945758,62.51,62.51280000000009
P0771,92.32261459,454,0,403,3.755242014,91.89518994,133.7232763,108.65,108.64839999999995
P0772,56.37443312,296,0,397,3.207745444,50.82153458,102.0578207,64.88,64.87500000000004
P0773,69.86436453,100,0,175,1.967352782,68.65736731,118.077752,92.23,92.22749999999989
P0774,89.86476829,489,0,799,2.703990078,90.86927651,131.3409037,96.69,96.69339999999998
P0775,57.49587137,70,0,432,4.870971299,49.22856569,80.1121472,75.28,75.27869999999997
P0776,61.46256976,467,0,999,3.631061533,65.91802929,98.98795801,71.14,71.13770000000002
P0777,86.11262842,460,0,857,3.257581521,91.05343942,113.6167534,96.74,96.73889999999997
P0778,86.00182683,374,0,741,4.731826502,94.47508821,106.1886517,97.01,97.00790000000012
P0779,82.05738164,356,0,573,3.346047124,72.78662895,125.6922448,86.73,86.72679999999998
P0780,84.69742222,172,0,926,3.104330074,88.22837758,96.23447618,95.44,95.43519999999988
P0781,77.13622217,360,0,382,4.037243421,68.458908,123.2067019,88.86,88.86460000000005
P0782,62.58995295,152,0,690,3.850662476,70.11855844,91.04905153,71.32,71.31529999999992
P0783,67.28479968,409,0,171,1.772640034,58.67799932,102.7728587,88.74,88.74459999999998
P0784,59.07988584,262,0,362,2.885233098,71.87308205,95.45404273,74.54,74.53870000000005
P0785,95.42252807,278,0,802,2.890061771,102.9745922,141.2272377,103.39,103.38849999999998
P0786,79.16958974,378,0,978,2.512898061,81.85433387,114.636377,91.36,91.36259999999997
P0787,70.04257084,300,0,986,3.069173929,71.08016892,104.5999142,78.88,78.87790000000015
P0788,73.10029018,468,0,674,2.652429591,66.36710594,85.7663718,90.67,90.67110000000007
P0789,97.36416698,196,0,991,1.797381958,94.63915172,128.1004879,103.27,103.26540000000003
P0790,57.66757016,414,0,111,2.649465949,69.39154778,73.67433019,66.7,66.70499999999991
P0791,79.3114916,447,0,240,1.28910779,91.92281189,118.8088423,84.94,84.94359999999993
P0792,75.29443394,468,0,865,3.303143451,65.31312665,105.7833108,91.4,91.3955
P0793,80.57271177,423,0,654,4.414618196,85.42612156,117.7818229,101.69,101.69360000000007
P0794,50.90550919,313,0,116,3.901148337,58.88802442,62.57242522,59.86,59.85939999999999
P0795,93.60619545,300,0,162,2.44157616,99.07487001,106.9978761,105.25,105.25260000000009
P0796,96.60591412,95,0,352,1.348284822,88.64790825,135.2588496,117.45,117.45450000000008
P0797,78.25665918,175,0,564,1.808597597,73.69978165,91.14003262,82.79,82.79250000000006
P0798,84.83254119,424,0,475,3.181961362,81.09104788,97.6828103,97.06,97.06189999999998
P0799,96.12496906,471,0,903,1.828228334,106.9180848,106.6093081,111.14,111.14179999999993
P0800,85.36193172,417,0,619,3.175892445,86.94191762,133.6219876,97.76,97.75609999999992
P0801,57.62695215,123,0,936,1.926396099,59.79765744,97.12728652,76.29,76.28969999999998
P0802,78.81441801,442,0,189,4.395695478,92.18674417,102.9444743,85.52,85.51660000000005
P0803,80.33575232,489,0,819,2.589085891,86.26289954,102.1971756,102.29,102.28939999999997
P0804,71.20653357,365,0,903,1.982202504,83.6732261,95.19466275,78.76,78.75709999999997
P0805,86.82221178,425,0,895,4.249304721,88.23493316,127.808353,93.56,93.56349999999995
P0806,96.71835074,192,0,729,2.371355859,90.4542572,133.1731752,111.66,111.66300000000007
P0807,96.27842565,216,0,960,1.445950751,109.5268155,113.6862484,104.53,104.52820000000013
P0808,72.54196857,265,0,274,3.281637966,74.00959646,89.50634198,86.35,86.35379999999988
P0809,55.66190229,244,0,175,3.326256818,50.20268784,69.59772828,63.79,63.790099999999946
P0810,99.24205995,451,0,712,3.858782701,96.80195346,135.6541687,122.91,122.91040000000012
P0811,91.94490432,364,0,762,1.960877733,83.21496906,132.5198108,110.15,110.14620000000006
P0812,56.23313406,12,0,499,2.775085356,57.94064885,76.83499119,72.44,72.44140000000002
P0813,96.04209413,217,0,881,2.129471676,107.3702984,106.8798926,107.15,107.15060000000001
P0814,93.4948181,206,0,170,1.323814944,106.8343295,106.7816848,102.97,102.97349999999994
P0815,75.94190286,350,0,279,4.506455308,89.25695804,124.6563043,98.41,98.40729999999999
P0816,79.56377179,134,0,223,3.915479218,72.69452243,101.3815629,90.32,90.32260000000004
P0817,69.95013519,147,0,480,2.205852238,69.50148226,110.7190611,90.09,90.09390000000003
P0818,52.73808194,348,0,392,3.397491971,43.44380093,87.7246247,61.32,61.323600000000035
P0819,66.75986208,34,0,896,1.805055153,78.13899571,92.03744767,75.94,75.94260000000007
P0820,90.14267243,77,0,294,4.560946487,89.11156648,108.3701629,101.57,101.56910000000005
P0821,50.23160115,70,0,327,1.459625373,56.00952685,65.08705788,61.98,61.98059999999989
P0822,66.67495858,38,0,530,1.015348582,74.54741954,101.2754773,78.43,78.42890000000007
P0823,69.90843468,392,0,535,3.008032791,70.65455142,110.8937859,88.59,88.59120000000011
P0824,76.86978015,28,0,886,3.332511294,74.53083856,112.6259503,95.36,95.35699999999989
P0825,95.99278082,180,0,560,3.315861281,110.0481036,127.2048662,110.21,110.21340000000005
P0826,67.31729972,459,0,717,1.21804771,81.42950534,78.99534866,71.73,71.73139999999994
P0827,67.34766009,83,0,120,2.256175228,64.5835693,116.0872112,73.91,73.90929999999989
P0828,86.87506241,70,0,163,2.996795787,88.86568982,128.8236301,96.95,96.94830000000007
P0829,72.61089704,436,0,264,1.866316743,86.93200101,94.32377851,78.27,78.26710000000008
P0830,61.23024115,162,0,126,4.490503542,51.35195134,110.4290543,78.34,78.34059999999995
P0831,72.62197581,285,0,410,1.348437158,72.93893202,106.6972394,86.33,86.33280000000002
P0832,57.04285102,57,0,384,2.949537767,49.55428976,90.33975735,82.5,82.50080000000004
P0833,58.81934933,220,0,759,3.76566423,61.54829846,98.7422765,69.18,69.18000000000008
P0834,74.91838864,352,0,380,2.047004401,65.5351375,117.3891802,86.11,86.11219999999989
P0835,70.94627248,417,0,937,3.496962948,71.11873326,107.2054168,88.65,88.64919999999998
P0836,95.74229505,148,0,930,4.317540601,91.25977192,110.8661249,106.28,106.27980000000005
P0837,68.11969496,119,0,263,1.7613479,71.45240402,91.6503952,85.71,85.7137000000001
P0838,79.02941751,491,0,997,4.668882367,93.92925874,126.1527631,106.25,106.2504999999999
P0839,81.6132144,192,0,323,3.214234131,91.62661702,100.5978389,89.47,89.46959999999989
P0840,50.65472283,37,0,883,2.196928017,61.79577512,75.54140378,59.52,59.51910000000005
P0841,83.1768686,206,0,245,2.723433102,89.05849328,110.4599439,88.45,88.4472999999999
P0842,58.90179834,200,0,967,2.248767535,49.94079455,86.47799793,77.59,77.5867000000001
P0843,98.05351587,324,0,129,3.90044464,93.22345777,132.5710992,119.23,119.22890000000002
P0844,57.43313639,398,0,144,4.185202654,70.5597503,105.1561699,72.24,72.23679999999995
P0845,70.73120619,60,0,886,4.331749569,69.88403413,90.35891466,79.53,79.52539999999995
P0846,54.2674834,158,0,570,4.943072998,46.85840157,69.12753846,63.11,63.10909999999993
P0847,99.84371259,277,0,133,4.16513717,107.4038467,117.7425322,108.85,108.85069999999989
P0848,75.10975052,59,0,752,3.405536283,72.59619361,120.5867465,83.3,83.29539999999997
P0849,79.76925087,397,0,526,2.356881194,76.49067369,115.6016834,90.87,90.87219999999988
P0850,53.35382387,255,0,929,3.178381795,68.30326026,74.79009544,67.61,67.61279999999992
P0851,87.49802352,122,0,985,1.164272691,98.95149665,130.1359011,110.47,110.47129999999994
P0852,60.49527965,179,0,320,3.979300302,60.69372511,104.9500795,68.11,68.10669999999996
P0853,94.90271447,477,0,967,2.78382218,109.4092447,138.763288,116.83,116.83449999999999
P0854,60.25698202,175,0,633,1.080092919,66.50981261,107.0140434,69.82,69.82410000000009
P0855,59.53438603,418,0,791,1.250027766,68.08494733,79.62402684,75.65,75.64540000000002
P0856,51.82748339,23,0,466,2.549865855,42.61530947,92.02916054,60.75,60.746799999999986
P0857,73.60334726,212,0,940,3.333686076,66.64347874,102.0249271,80.04,80.03600000000007
P0858,78.24205666,297,0,842,2.856815796,84.06918483,121.9219988,88.85,88.85489999999996
P0859,53.28543197,404,0,649,3.476817269,65.76103154,92.42505906,68.34,68.33819999999999
P0860,88.77638083,198,0,681,2.921177035,94.36997399,129.8342787,107.76,107.75989999999985
P0861,72.66444174,411,0,215,3.646815382,66.0150641,108.9109152,82.62,82.6220000000001
P0862,76.21951347,164,0,338,1.876504259,69.11351462,93.31666425,86.85,86.8509
P0863,72.03813735,64,0,434,1.451372749,83.14278474,103.8392141,84.19,84.19379999999994
P0864,70.03815304,191,0,540,3.385735819,63.52071151,119.4249426,83.58,83.57849999999999
P0865,77.98201657,219,0,247,2.938758068,80.98781558,125.4775392,90.3,90.30020000000007
P0866,57.7620123,385,0,108,1.107470616,48.6898453,69.48896173,65.29,65.2903999999999
P0867,59.09640652,480,0,387,2.521927542,51.11315071,75.68899915,72.83,72.83250000000008
P0868,93.08928105,84,0,487,1.424502342,99.89798774,108.358432,104.29,104.2911000000001
P0869,97.30577311,286,0,149,3.125427327,104.5353084,136.3449695,105.15,105.1543999999999
P0870,68.66546581,437,0,949,2.583110719,67.20220098,111.376879,96.54,96.53560000000002
P0871,63.53723366,142,0,616,3.452607644,58.92747779,82.07768831,71.88,71.87529999999994
P0872,82.19997716,352,0,954,4.222408875,92.54273393,112.4340849,85.93,85.93309999999988
P0873,70.43670855,434,0,737,2.198674735,65.86428929,114.0648297,92.97,92.97130000000011
P0874,51.26931778,68,0,686,4.848408417,54.81999452,90.58137957,56.36,56.36069999999999
P0875,57.80762987,354,0,776,3.142538002,72.01285089,89.49711809,80.53,80.53110000000004
P0876,85.79861144,498,0,377,3.473163195,79.49492239,119.4125191,98.64,98.64239999999998
P0877,82.9461971,191,0,935,3.722689493,96.46810378,113.280619,88.15,88.1534000000001
P0878,51.35479963,467,0,399,3.666926119,45.92712595,73.25673768,65.97,65.97269999999997
P0879,61.0986081,415,0,901,3.043882972,65.2846883,93.69948781,74.46,74.46470000000005
P0880,61.55373983,348,0,688,2.715057164,60.97893263,99.10915191,83.22,83.22059999999999
P0881,83.59463718,330,0,909,1.215127857,97.71785222,128.5275538,89.85,89.84999999999997
P0882,50.98552689,73,0,748,1.088343381,47.82407761,86.43718105,53.3,53.302700000000065
P0883,55.2054291,336,0,717,2.431844778,55.19687915,95.65029058,74.43,74.4290000000001
P0884,89.99580427,269,0,706,2.334643563,104.5673072,106.3986697,99.27,99.26619999999994
P0885,58.9272331,202,0,234,2.550780619,62.33899288,87.38953208,77.72,77.72469999999993
P0886,82.63730539,152,0,679,1.553472804,85.20305828,93.01057019,91.31,91.30560000000001
P0887,61.90913905,113,0,246,3.952673082,58.35360126,81.77629363,68.86,68.86249999999994
P0888,54.97206964,469,0,589,4.427857659,62.50615865,94.03053824,79.64,79.64069999999994
P0889,62.15860955,415,0,577,4.754858541,52.51793334,111.8310076,78.26,78.26100000000007
P0890,86.11334659,223,0,258,2.969449214,77.35116234,100.0804706,98.53,98.52750000000009
P0891,92.78482341,251,0,483,3.803462797,97.76878808,118.844596,100.1,100.09530000000004
P0892,91.51099323,440,0,262,4.422204494,90.05285757,133.513832,97.41,97.41490000000005
P0893,69.85917648,218,0,540,2.673164444,83.69208579,88.02060187,84.16,84.15930000000012
P0894,83.40425683,102,0,952,2.237651179,95.9840241,115.6076548,88.6,88.6004
P0895,60.24921477,439,0,288,4.746898223,68.09187124,99.57206661,77.22,77.22200000000007
P0896,64.65738651,151,0,514,3.062706204,75.11102604,99.29680452,77.29,77.29479999999994
P0897,94.81679093,443,0,438,2.989015546,101.5000872,112.3377803,111.98,111.9826999999999
P0898,50.65009618,413,0,706,1.713664386,43.78964874,74.86547892,56.76,56.75600000000008
P0899,54.27542654,443,0,280,1.432620058,63.41401078,95.62709792,67.63,67.62989999999989
P0900,60.39431276,121,0,387,4.36842745,55.64911198,92.56337332,76.34,76.34480000000009
P0901,51.32661019,426,0,933,3.456532705,49.41268157,61.53579474,59.9,59.897500000000065
P0902,59.07177175,384,0,286,2.303298336,69.55262706,99.51140216,71.74,71.74379999999991
P0903,79.15207805,68,0,983,1.76694487,82.56521826,90.56453225,91.92,91.91629999999992
P0904,71.07122753,52,0,237,3.221989121,82.56974538,110.9005788,81.14,81.14379999999989
P0905,94.63358555,216,0,229,3.335677157,89.95946855,112.732808,115.63,115.62540000000016
P0906,90.87217809,277,0,293,1.827974405,96.06663905,139.1951173,96.64,96.64379999999997
P0907,67.09086758,305,0,415,4.405622992,59.1856419,91.80849764,76.23,76.23020000000001
P0908,62.97117167,127,0,884,1.337057465,69.04769651,86.04843633,78.98,78.97559999999993
P0909,68.98462041,29,0,963,2.424372341,78.04797135,84.94014242,80.3,80.29700000000005
P0910,79.51474713,231,0,243,3.721537655,84.13801948,101.7389157,89.24,89.24130000000012
P0911,63.40318204,175,0,115,2.096481455,60.05896958,108.4692125,81.01,81.00640000000003
P0912,81.20744539,140,0,401,4.310700779,71.99101211,131.0608189,89.7,89.70149999999991
P0913,70.47058261,165,0,522,3.959471306,63.45680471,95.20296383,87.77,87.76530000000011
P0914,77.60235904,193,0,344,4.156091378,83.15993352,105.5467843,93.11,93.11140000000002
P0915,71.80632646,99,0,206,1.476426144,85.16683188,110.689164,83.3,83.30149999999995
P0916,64.72328798,103,0,187,1.562188512,59.88664808,110.1711192,70.76,70.76199999999999
P0917,97.42266535,22,0,228,2.145894951,105.7983191,131.1444387,118.31,118.31219999999986
P0918,88.18028971,470,0,986,3.072308661,99.84156629,113.8413176,103.84,103.83880000000012
P0919,57.00565879,331,0,440,3.992064307,60.02771325,83.51053242,70.94,70.93729999999994
P0920,93.42339879,302,0,103,4.346123563,100.1550437,131.2481247,103.58,103.57879999999989
P0921,74.37155991,442,0,426,3.817341264,84.74694283,84.50029046,84.12,84.11669999999995
P0922,94.72761134,239,0,509,4.714387526,91.24449029,129.5111848,117.81,117.80799999999981
P0923,89.9927628,331,0,978,3.954974038,87.41515465,114.2124832,103.04,103.04329999999989
P0924,71.26067522,301,0,405,2.225071548,61.27636314,113.0285685,83.26,83.25809999999987
P0925,51.12346542,447,0,706,2.060325137,65.20081869,64.84309101,58.49,58.491299999999946
P0926,63.43386797,35,0,820,3.784769801,76.37249033,96.96195865,77.26,77.26229999999998
P0927,77.08171073,84,0,324,1.771482275,86.19591733,106.3206263,86.44,86.43680000000002
P0928,81.67391099,465,0,447,1.370859243,73.65081152,117.366932,101.95,101.9535999999999
P0929,62.89438427,373,0,420,3.128891499,64.08195651,75.48852805,76.54,76.53679999999991
P0930,56.9678037,433,0,658,4.286566279,49.51509755,90.1671552,67.58,67.5844999999999
P0931,91.74651184,308,0,280,1.40551937,82.14451852,124.2058954,105.25,105.25309999999992
P0932,99.22010904,159,0,717,4.167565295,104.6246832,131.6465128,105.48,105.4848
P0933,76.28450912,157,0,810,4.246288017,90.30524454,110.4240158,97.92,97.92450000000014
P0934,58.58396429,17,0,485,2.929096,71.15566488,95.64268178,86.41,86.41279999999998
P0935,63.61536633,38,0,717,1.22924124,71.0342367,105.8149263,71.6,71.59779999999992
P0936,50.91953383,305,0,891,1.698359405,43.33554843,71.71236263,55.09,55.09410000000009
P0937,95.71494033,483,0,871,3.829705101,92.56904127,138.7169167,117.03,117.02619999999983
P0938,55.88755414,423,0,207,3.84711178,53.88897232,85.81778144,57.87,57.874000000000066
P0939,78.82582378,218,0,630,4.593421101,87.90457522,91.90815494,92.56,92.55730000000011
P0940,63.70276103,137,0,509,3.330744586,73.75899052,76.0447982,68.46,68.45659999999992
P0941,77.70890013,349,0,395,1.496429471,77.3365532,101.0784329,89.39,89.39499999999997
P0942,82.57101942,125,0,917,1.485659622,83.01811933,123.9668985,95.43,95.43269999999991
P0943,91.48709019,448,0,270,3.884529429,82.59981617,129.7943276,102.12,102.11749999999998
P0944,60.32106359,153,0,430,1.73513866,57.54948155,101.8656622,69.26,69.26180000000002
P0945,50.54979143,439,0,592,2.313541998,51.83192086,81.24055369,69.3,69.3041
P0946,56.8442815,327,0,294,2.948848028,49.76885766,84.45224142,70.84,70.83750000000009
P0947,95.00093209,244,0,111,1.09905951,96.33261861,110.8990332,114.05,114.04839999999987
P0948,93.69450388,16,0,294,1.995276108,105.0238992,116.822214,108.05,108.05409999999995
P0949,79.87065511,473,0,589,2.631558434,84.4036806,107.2314298,91.68,91.68220000000007
P0950,80.02584302,54,0,894,2.118545274,71.9990894,93.56986021,86.99,86.99340000000004
P0951,83.25183373,452,0,980,1.54548131,78.0436167,102.0763118,96.31,96.31330000000004
P0952,58.76856393,248,0,281,3.912049031,60.63217269,92.69757569,71.64,71.64400000000003
P0953,95.7205973,449,0,916,4.252590621,94.75777604,135.1471219,118.1,118.09829999999987
P0954,70.93852624,441,0,755,2.029915905,69.90670173,120.8724267,92.87,92.86700000000008
P0955,69.15692641,164,0,997,4.097677978,72.38861262,116.4814597,77.75,77.74640000000008
P0956,75.94588526,190,0,415,2.542214258,80.5557833,111.6484932,100.46,100.45750000000002
P0957,52.34829834,224,0,793,3.026743163,62.2698376,79.19822047,55.1,55.10149999999992
P0958,58.31416844,97,0,129,4.4240043,56.83833252,93.76126303,63.94,63.93799999999997
P0959,86.90168082,265,0,695,3.999814727,97.0383379,128.3277455,101.23,101.22800000000011
P0960,54.1399334,82,0,777,4.220467405,52.60521412,68.87338103,66.59,66.59089999999992
P0961,80.15760547,428,0,895,1.547380666,71.5434302,106.5538011,89.96,89.95880000000001
P0962,62.26745548,188,0,892,1.278877703,66.12214676,105.8595469,72.41,72.41229999999997
P0963,69.4647807,221,0,195,4.573618916,74.16233882,94.81809878,79.77,79.77469999999991
P0964,64.43468684,302,0,480,2.551337078,77.79819298,97.30957769,84.26,84.25599999999994
P0965,67.78363582,243,0,877,2.151518712,75.93516897,101.2944103,78.66,78.65560000000006
P0966,85.95229526,474,0,543,3.898785017,98.89661157,103.3313454,99.77,99.76970000000003
P0967,64.85608578,248,0,397,4.345662386,77.56476604,89.34550345,73.17,73.16779999999997
P0968,78.32023201,232,0,907,4.449958488,83.43458477,101.7006836,82.2,82.20379999999994
P0969,73.80252011,128,0,836,2.263988565,76.99657174,84.85038845,84.91,84.90780000000001
P0970,83.18355827,322,0,944,4.408849565,87.11958245,94.15122882,86.72,86.71880000000009
P0971,96.84148697,273,0,460,1.163735777,111.2997572,140.1093687,111.27,111.26500000000009
P0972,86.62860486,216,0,473,1.198645966,95.95779715,107.5514373,99.57,99.56580000000005
P0973,60.74701893,104,0,653,3.494076781,53.40366655,91.47016958,77.85,77.85029999999998
P0974,51.55915675,382,0,402,1.252425476,61.01986692,73.5081797,56.68,56.68130000000006
P0975,63.11320221,231,0,520,2.298436674,57.37665344,110.740372,74.97,74.97229999999992
P0976,79.75389654,375,0,345,3.691023945,80.93766026,100.1257669,88.84,88.83579999999998
P0977,52.57129067,285,0,819,2.349067584,47.83278248,79.75756318,57.93,57.930500000000045
P0978,74.81831236,389,0,336,1.718399126,82.057889,119.7275224,81.34,81.3401999999999
P0979,79.84214245,240,0,633,2.125402487,91.77488585,123.5194851,98.99,98.99449999999999
P0980,66.71219454,318,0,284,2.830301329,63.97124168,84.15625125,77.22,77.22179999999996
P0981,88.54561019,128,0,567,2.901543421,80.59587872,130.6513426,112.0,111.99839999999986
P0982,55.32991266,277,0,853,4.132000925,52.79224011,83.65738813,63.87,63.874699999999955
P0983,53.75688909,442,0,462,4.000612918,60.56593554,83.07564397,70.98,70.9753999999999
P0984,86.40943781,282,0,382,2.827271218,84.628441,101.7486367,100.69,100.68769999999996
P0985,74.77456581,73,0,652,4.382669396,71.72737,87.99862636,85.94,85.94410000000005
P0986,84.42011982,307,0,435,1.456948554,79.03099959,123.5376921,89.81,89.80790000000003
P0987,71.74136693,359,0,261,2.021413401,74.1792776,101.599813,84.15,84.14559999999992
P0988,62.32010166,422,0,259,4.311905854,59.21882237,89.79412977,84.97,84.97459999999988
P0989,90.95511588,412,0,573,2.511976155,99.23037461,130.135445,102.27,102.26729999999996
P0990,89.97079395,20,0,700,4.924726235,81.886354,130.5913099,106.63,106.62869999999992
P0991,84.73482354,107,0,421,2.865013126,91.33564937,101.0911502,92.62,92.62029999999996
P0992,63.60725686,443,0,111,4.167742492,59.54625723,98.01626284,73.0,73.00419999999991
P0993,79.51153334,80,0,523,2.609228166,81.74351487,94.92569663,84.93,84.93409999999996
P0994,68.04869485,373,0,172,2.699814076,65.2009429,108.1036983,87.79,87.7936000000001
P0995,54.57910367,67,0,687,2.531532589,62.64832057,90.85730992,69.57,69.57029999999989
P0996,95.86567877,299,0,957,3.876302482,109.4983548,144.1302636,102.02,102.01650000000004
P0997,56.84093155,260,0,300,3.190071536,69.76785103,69.5992522,70.37,70.37160000000009
P0998,97.51186769,285,0,621,4.775112445,102.0975231,109.7940565,107.0,107.00220000000007
P0999,72.30028865,59,0,963,2.003561266,73.86554623,93.58777164,79.2,79.20189999999994
